id,client_id,job_id,start_time,end_time,duration
1,5,0,1573748101.81076,1573748103.80833,1.99757289886475
2,4,0,1573748102.3265,1573748104.30139,1.97489547729492
3,3,0,1573748102.41879,1573748104.39025,1.97146129608154
4,3,1,1573748103.11673,1573748105.12531,2.00858163833618
5,4,1,1573748103.1398,1573748105.16104,2.02124285697937
6,0,0,1573748103.50201,1573748105.50723,2.00522494316101
7,9,0,1573748103.69818,1573748105.70782,2.00963640213013
8,5,1,1573748104.52336,1573748106.37427,1.85091638565063
9,0,1,1573748105.10325,1573748106.95678,1.85353255271912
10,9,1,1573748105.6289,1573748107.48322,1.85432004928589
11,3,2,1573748106.25207,1573748108.13633,1.88425970077515
12,5,2,1573748106.47508,1573748108.36152,1.88644075393677
13,9,2,1573748106.55782,1573748108.44204,1.88421988487244
14,0,2,1573748106.5912,1573748108.48078,1.88957858085632
15,6,0,1573748107.36671,1573748109.24298,1.87627243995667
16,8,0,1573748108.24487,1573748110.12598,1.88110327720642
17,6,1,1573748108.17135,1573748110.18119,2.00984311103821
18,3,3,1573748108.58291,1573748110.45874,1.87583088874817
19,4,2,1573748108.91519,1573748110.81572,1.90053081512451
20,8,1,1573748109.37774,1573748111.23094,1.85319828987122
21,5,3,1573748109.37094,1573748111.24814,1.87719941139221
22,7,0,1573748110.11592,1573748111.94091,1.82499527931213
23,6,2,1573748111.38081,1573748113.22026,1.83944511413574
24,0,3,1573748111.85998,1573748113.69741,1.83742237091064
25,2,0,1573748112.45607,1573748114.31801,1.86194157600403
26,9,3,1573748112.56412,1573748114.42063,1.8565046787262
27,5,4,1573748113.05123,1573748114.91026,1.85903239250183
28,6,3,1573748113.47168,1573748115.33929,1.8676164150238
29,2,1,1573748113.97239,1573748115.85235,1.87996125221252
30,8,2,1573748114.29911,1573748116.17106,1.8719494342804
31,5,5,1573748114.98282,1573748116.86336,1.88054251670837
32,2,2,1573748114.99029,1573748116.87204,1.88175272941589
33,9,4,1573748115.12658,1573748117.01179,1.88521361351013
34,2,3,1573748115.64193,1573748117.50015,1.85822319984436
35,7,1,1573748116.14247,1573748117.96566,1.82318878173828
36,7,2,1573748116.54802,1573748118.36577,1.8177547454834
37,9,5,1573748118.813,1573748120.60822,1.79521799087524
38,5,6,1573748119.4557,1573748121.24273,1.78702449798584
39,5,7,1573748119.94297,1573748121.74935,1.80638551712036
40,0,4,1573748121.33801,1573748123.12785,1.78984308242798
41,9,6,1573748121.94443,1573748123.72521,1.78077554702759
42,4,3,1573748122.62115,1573748124.40261,1.78145480155945
43,8,3,1573748124.30929,1573748126.1249,1.81560373306274
44,3,4,1573748124.61548,1573748126.44848,1.83300447463989
45,8,4,1573748124.98573,1573748126.80527,1.81954073905945
46,6,4,1573748125.78329,1573748127.63492,1.85162544250488
47,5,8,1573748126.28211,1573748128.10377,1.82165765762329
48,3,5,1573748127.28841,1573748129.13601,1.84759569168091
49,2,4,1573748127.48636,1573748129.39233,1.9059784412384
50,4,4,1573748127.85758,1573748129.74137,1.88379049301147
51,3,6,1573748127.96448,1573748129.84076,1.87627959251404
52,6,5,1573748128.50925,1573748130.41246,1.90321850776672
53,3,7,1573748128.90434,1573748130.78499,1.88064885139465
54,3,8,1573748129.65119,1573748131.55013,1.89894270896912
55,5,9,1573748129.64876,1573748131.55663,1.90786504745483
56,0,5,1573748130.25632,1573748132.16477,1.90845227241516
57,5,10,1573748130.44496,1573748132.34464,1.89967894554138
58,0,6,1573748130.79498,1573748132.76826,1.97328066825867
59,2,5,1573748130.92232,1573748132.88507,1.96274924278259
60,4,5,1573748131.52266,1573748133.45653,1.93386888504028
61,6,6,1573748131.68065,1573748133.62472,1.9440712928772
62,0,7,1573748132.08652,1573748134.03587,1.94934105873108
63,5,11,1573748133.03012,1573748134.97142,1.94130325317383
64,7,3,1573748133.12646,1573748135.02456,1.89809608459473
65,7,4,1573748133.31422,1573748135.24578,1.93155837059021
66,4,6,1573748133.56867,1573748135.48256,1.9138925075531
67,9,7,1573748134.08881,1573748135.99986,1.91104888916016
68,7,5,1573748134.8768,1573748136.77737,1.90056371688843
69,4,7,1573748134.94688,1573748136.83654,1.88966155052185
70,6,7,1573748135.32441,1573748137.21966,1.89525270462036
71,1,0,1573748135.82824,1573748137.72609,1.89785051345825
72,5,12,1573748136.32536,1573748138.2613,1.93594241142273
73,1,1,1573748136.86044,1573748138.75289,1.89245223999023
74,2,6,1573748137.12145,1573748139.02235,1.9008994102478
75,5,13,1573748137.1233,1573748139.0437,1.9203987121582
76,8,5,1573748138.24896,1573748140.09042,1.84145832061768
77,8,6,1573748140.22857,1573748142.26536,2.03679370880127
78,2,7,1573748140.31793,1573748142.34235,2.02442240715027
79,2,8,1573748140.84232,1573748142.80673,1.96441388130188
80,5,14,1573748141.39518,1573748143.37626,1.98108220100403
81,4,8,1573748141.59137,1573748143.59212,2.00074672698975
82,6,8,1573748141.79087,1573748143.81496,2.02408409118652
83,7,6,1573748141.96105,1573748143.92159,1.96053266525269
84,6,9,1573748142.25613,1573748144.20806,1.95193314552307
85,0,8,1573748142.97671,1573748144.84928,1.8725790977478
86,7,7,1573748144.11287,1573748145.94826,1.83538699150085
87,4,9,1573748144.84909,1573748146.7359,1.88681650161743
88,2,9,1573748145.70796,1573748147.60814,1.90018582344055
89,4,10,1573748145.89089,1573748147.77404,1.88315010070801
90,4,11,1573748146.33831,1573748148.2578,1.91949558258057
91,4,12,1573748146.96636,1573748148.99992,2.03356051445007
92,9,8,1573748147.15368,1573748149.2785,2.12482118606567
93,5,15,1573748148.05575,1573748150.20311,2.14736342430115
94,3,9,1573748148.5803,1573748150.70875,2.12844967842102
95,6,10,1573748149.15928,1573748151.24654,2.08726525306702
96,2,10,1573748149.67419,1573748151.85532,2.18113565444946
97,9,9,1573748149.76553,1573748151.96838,2.20285105705261
98,2,11,1573748149.86535,1573748152.06808,2.20272564888
99,6,11,1573748150.80225,1573748152.96628,2.16403675079346
100,7,8,1573748151.10315,1573748153.25732,2.15417838096619
101,1,2,1573748151.35884,1573748153.45273,2.09389019012451
102,3,10,1573748151.32297,1573748153.47053,2.14755654335022
103,4,13,1573748151.72717,1573748153.71058,1.98340845108032
104,3,11,1573748154.50477,1573748156.29529,1.79051995277405
105,2,12,1573748155.15805,1573748157.07766,1.91960215568542
106,5,16,1573748155.27964,1573748157.18845,1.90881133079529
107,6,12,1573748156.08712,1573748158.05716,1.97003531455994
108,1,3,1573748156.40435,1573748158.46218,2.0578339099884
109,3,12,1573748156.51155,1573748158.54555,2.03400635719299
110,4,14,1573748156.86209,1573748158.83792,1.97583389282227
111,9,10,1573748157.36118,1573748159.32318,1.96199417114258
112,5,17,1573748157.38612,1573748159.3482,1.96207737922668
113,3,13,1573748157.95406,1573748159.9592,2.0051417350769
114,4,15,1573748157.97929,1573748159.99145,2.01215624809265
115,1,4,1573748158.54702,1573748160.50643,1.95941066741943
116,4,16,1573748159.12688,1573748161.11165,1.98477435112
117,6,13,1573748159.55205,1573748161.48555,1.93349766731262
118,7,9,1573748160.19098,1573748162.17072,1.97974419593811
119,7,10,1573748161.35185,1573748163.34746,1.99561524391174
120,1,5,1573748161.77906,1573748163.87836,2.09929776191711
121,3,14,1573748161.79473,1573748163.90824,2.11351346969604
122,7,11,1573748162.7316,1573748164.74081,2.00921010971069
123,1,6,1573748162.95447,1573748164.96309,2.00862050056458
124,8,7,1573748163.08819,1573748165.07003,1.98184394836426
125,1,7,1573748163.17977,1573748165.18874,2.00896525382996
126,2,13,1573748163.25096,1573748165.26366,2.01269793510437
127,3,15,1573748163.89393,1573748165.8364,1.94246482849121
128,0,9,1573748164.44356,1573748166.31988,1.8763210773468
129,9,11,1573748165.79028,1573748167.62095,1.83066987991333
130,5,18,1573748165.9955,1573748167.84991,1.85441565513611
131,1,8,1573748166.3448,1573748168.20391,1.8591046333313
132,0,10,1573748166.37201,1573748168.21473,1.84271454811096
133,4,17,1573748167.70391,1573748169.56689,1.86297726631165
134,8,8,1573748167.91276,1573748169.76338,1.85061693191528
135,0,11,1573748168.58123,1573748170.49638,1.91514825820923
136,0,12,1573748169.09032,1573748171.01603,1.92571258544922
137,7,12,1573748169.49535,1573748171.4772,1.98184132575989
138,0,13,1573748169.95297,1573748171.97548,2.02250981330872
139,3,16,1573748170.06314,1573748172.13936,2.07621908187866
140,4,18,1573748170.45755,1573748172.50917,2.05162286758423
141,4,19,1573748170.54206,1573748172.59713,2.0550696849823
142,2,14,1573748171.05695,1573748173.13524,2.07829022407532
143,9,12,1573748171.27613,1573748173.32288,2.04674673080444
144,7,13,1573748171.66577,1573748173.71543,2.04966044425964
145,3,17,1573748172.08693,1573748174.06744,1.98050665855408
146,9,13,1573748173.10753,1573748175.08463,1.97710037231445
147,5,19,1573748173.80523,1573748175.79532,1.99009275436401
148,1,9,1573748173.79812,1573748175.81197,2.01385283470154
149,5,20,1573748174.21843,1573748176.25069,2.03225827217102
150,2,15,1573748174.53616,1573748176.58176,2.04559469223022
151,8,9,1573748174.84291,1573748176.9314,2.08848738670349
152,4,20,1573748174.88645,1573748176.95547,2.06901741027832
153,2,16,1573748174.96915,1573748177.04311,2.07395935058594
154,7,14,1573748175.03513,1573748177.16906,2.13392519950867
155,8,10,1573748175.75439,1573748177.81758,2.0631856918335
156,7,15,1573748175.25107,1573748177.83256,2.58149218559265
157,5,21,1573748176.28995,1573748178.27547,1.98551774024963
158,8,11,1573748177.04526,1573748179.021,1.97573900222778
159,7,16,1573748177.21613,1573748179.1875,1.97136807441711
160,5,22,1573748178.39521,1573748180.41365,2.01843690872192
161,5,23,1573748178.40558,1573748180.42844,2.02285695075989
162,7,17,1573748178.64478,1573748180.61467,1.9698920249939
163,7,18,1573748178.87538,1573748180.84321,1.96782994270325
164,5,24,1573748179.57791,1573748181.50997,1.9320559501648
165,4,21,1573748180.06436,1573748182.03698,1.97262525558472
166,9,14,1573748180.87418,1573748182.82768,1.95350098609924
167,9,15,1573748181.10438,1573748183.06813,1.96375179290771
168,4,22,1573748181.72433,1573748183.63259,1.90825271606445
169,1,10,1573748182.29689,1573748184.23834,1.94144463539124
170,1,11,1573748182.58372,1573748184.51051,1.92679333686829
171,4,23,1573748183.60979,1573748185.53192,1.92213559150696
172,2,17,1573748184.71986,1573748186.54909,1.82923436164856
173,8,12,1573748184.93808,1573748186.78808,1.85000729560852
174,4,24,1573748185.78875,1573748187.63035,1.84159636497498
175,6,14,1573748187.75931,1573748189.63076,1.87145042419434
176,7,19,1573748188.39613,1573748190.31356,1.91743159294128
177,8,13,1573748188.42245,1573748190.34761,1.92516231536865
178,8,14,1573748188.90902,1573748190.88448,1.97546339035034
179,1,12,1573748189.02545,1573748190.96571,1.94026064872742
180,2,18,1573748189.1474,1573748191.11189,1.96448540687561
181,1,13,1573748189.67372,1573748191.56371,1.88998985290527
182,4,25,1573748191.7904,1573748193.59218,1.80178308486938
183,8,15,1573748192.0564,1573748193.87964,1.82324385643005
184,0,14,1573748193.02119,1573748194.92703,1.90583443641663
185,3,18,1573748193.31198,1573748195.18429,1.87230730056763
186,5,25,1573748193.35154,1573748195.23283,1.88129186630249
187,4,26,1573748195.80435,1573748197.60054,1.79618978500366
188,7,20,1573748195.94693,1573748197.74351,1.7965829372406
189,9,16,1573748197.10855,1573748198.99099,1.88244152069092
190,8,16,1573748197.56783,1573748199.49478,1.92694306373596
191,9,17,1573748197.79726,1573748199.75726,1.95999336242676
192,7,21,1573748197.8409,1573748199.77689,1.93598771095276
193,5,26,1573748198.12325,1573748200.08603,1.9627788066864
194,1,14,1573748198.17223,1573748200.10716,1.93492960929871
195,9,18,1573748198.21819,1573748200.1705,1.95231652259827
196,6,15,1573748199.10741,1573748201.00441,1.89699935913086
197,4,27,1573748199.93201,1573748201.83368,1.90167164802551
198,5,27,1573748200.11549,1573748202.02828,1.91278529167175
199,5,28,1573748200.44768,1573748202.3855,1.93782234191895
200,2,19,1573748200.55536,1573748202.47234,1.91697406768799
201,9,19,1573748200.75583,1573748202.70224,1.94641661643982
202,5,29,1573748201.19486,1573748203.11195,1.91709446907043
203,9,20,1573748201.41604,1573748203.34211,1.92606592178345
204,9,21,1573748202.0902,1573748204.00858,1.91837430000305
205,8,17,1573748202.07454,1573748204.02091,1.94637298583984
206,8,18,1573748203.05267,1573748205.05948,2.00681567192078
207,4,28,1573748203.37417,1573748205.44898,2.07480835914612
208,2,20,1573748203.54396,1573748205.61145,2.06749081611633
209,9,22,1573748203.61058,1573748205.65954,2.0489616394043
210,7,22,1573748203.90082,1573748205.99041,2.08959293365479
211,5,30,1573748204.87505,1573748206.89709,2.02204012870789
212,7,23,1573748204.93261,1573748206.9536,2.02099466323853
213,4,29,1573748204.96283,1573748206.98318,2.02034568786621
214,7,24,1573748205.86494,1573748207.79379,1.9288477897644
215,8,19,1573748206.62673,1573748208.57709,1.95036387443542
216,5,31,1573748207.14392,1573748209.1001,1.9561755657196
217,0,15,1573748207.25112,1573748209.25061,1.99949049949646
218,6,16,1573748207.38423,1573748209.37811,1.99387764930725
219,0,16,1573748208.20104,1573748210.25399,2.05295658111572
220,3,19,1573748208.52195,1573748210.56646,2.04451775550842
221,6,17,1573748208.60857,1573748210.73052,2.12195229530334
222,2,21,1573748208.69014,1573748210.86872,2.1785774230957
223,1,15,1573748209.31093,1573748211.50814,2.19721698760986
224,3,20,1573748210.06716,1573748212.27599,2.20883178710937
225,1,16,1573748210.70164,1573748212.89261,2.19097113609314
226,0,17,1573748212.62066,1573748214.82899,2.20832538604736
227,3,21,1573748213.20402,1573748215.515,2.31097984313965
228,8,20,1573748213.72393,1573748216.01203,2.28809976577759
229,1,17,1573748214.98307,1573748217.17669,2.1936194896698
230,1,18,1573748215.41258,1573748217.58372,2.17113876342773
231,5,32,1573748215.61815,1573748217.74471,2.12655568122864
232,4,30,1573748215.66266,1573748217.78414,2.12147665023804
233,7,25,1573748217.25697,1573748219.23251,1.97553300857544
234,7,26,1573748218.08056,1573748220.06813,1.98756265640259
235,1,19,1573748218.86264,1573748220.93727,2.07462596893311
236,8,21,1573748219.22931,1573748221.2979,2.06859183311462
237,9,23,1573748219.39337,1573748221.37863,1.98525524139404
238,7,27,1573748219.57252,1573748221.56411,1.99158596992493
239,2,22,1573748219.59995,1573748221.59126,1.99131751060486
240,2,23,1573748219.9511,1573748221.9606,2.00950407981873
241,2,24,1573748220.03472,1573748222.06123,2.02651000022888
242,0,18,1573748220.59222,1573748222.55961,1.96738529205322
243,0,19,1573748223.14555,1573748224.97274,1.82718205451965
244,8,22,1573748223.82203,1573748225.66159,1.83956623077393
245,2,25,1573748224.60804,1573748226.44407,1.83603072166443
246,5,33,1573748225.41053,1573748227.28221,1.87167263031006
247,5,34,1573748226.54998,1573748228.46597,1.91599607467651
248,1,20,1573748226.62251,1573748228.56009,1.93758010864258
249,5,35,1573748226.66349,1573748228.59631,1.93281650543213
250,5,36,1573748227.32473,1573748229.27086,1.94613075256348
251,3,22,1573748228.16352,1573748230.14478,1.98126149177551
252,5,37,1573748228.30401,1573748230.27585,1.97184348106384
253,4,31,1573748228.75966,1573748230.76086,2.00120067596436
254,5,38,1573748228.84819,1573748230.80742,1.95922899246216
255,1,21,1573748229.12123,1573748231.09198,1.97074222564697
256,8,23,1573748229.27721,1573748231.24893,1.97171950340271
257,4,32,1573748230.25282,1573748232.13321,1.88038420677185
258,8,24,1573748230.96803,1573748232.84581,1.87777328491211
259,7,28,1573748231.07973,1573748232.91559,1.83585691452026
260,0,20,1573748232.43994,1573748234.24057,1.80062937736511
261,9,24,1573748232.96541,1573748234.80534,1.83992719650269
262,6,18,1573748233.41689,1573748235.24715,1.83025789260864
263,8,25,1573748233.4374,1573748235.26759,1.8301887512207
264,4,33,1573748235.32644,1573748237.11594,1.78949785232544
265,3,23,1573748236.37635,1573748238.21904,1.84269380569458
266,2,26,1573748237.01775,1573748238.82341,1.80565237998962
267,9,25,1573748237.3925,1573748239.20002,1.80751633644104
268,7,29,1573748237.5592,1573748239.37035,1.81115341186523
269,5,39,1573748238.67922,1573748240.46164,1.78241848945618
270,6,19,1573748239.8165,1573748241.63216,1.8156533241272
271,5,40,1573748240.20258,1573748241.98409,1.78150129318237
272,6,20,1573748241.23817,1573748243.13397,1.8957986831665
273,9,26,1573748243.25297,1573748245.07778,1.82480669021606
274,9,27,1573748244.25154,1573748246.1294,1.87786197662354
275,0,21,1573748244.92516,1573748246.90318,1.97802042961121
276,9,28,1573748245.65532,1573748247.53522,1.87989807128906
277,4,34,1573748245.9206,1573748247.76296,1.84236145019531
278,9,29,1573748247.88005,1573748249.76607,1.8860194683075
279,2,27,1573748248.14699,1573748250.05931,1.91232371330261
280,3,24,1573748248.40683,1573748250.36477,1.95793604850769
281,1,22,1573748249.35309,1573748251.28255,1.92946553230286
282,2,28,1573748249.56886,1573748251.50668,1.93781566619873
283,5,41,1573748250.78284,1573748252.64264,1.8597993850708
284,8,26,1573748251.92228,1573748253.74679,1.8245153427124
285,5,42,1573748252.00885,1573748253.83431,1.82545948028564
286,3,25,1573748252.66497,1573748254.52472,1.85974454879761
287,3,26,1573748252.96152,1573748254.86606,1.90454459190369
288,8,27,1573748253.34826,1573748255.21707,1.8688108921051
289,7,30,1573748254.29634,1573748256.1678,1.87145853042603
290,4,35,1573748254.3325,1573748256.23257,1.90006804466248
291,9,30,1573748255.95261,1573748257.90244,1.94982528686523
292,7,31,1573748256.18753,1573748258.23886,2.05133247375488
293,6,21,1573748256.21782,1573748258.28796,2.07013869285583
294,8,28,1573748256.33648,1573748258.35182,2.01533913612366
295,5,43,1573748256.72764,1573748258.76483,2.03719091415405
296,1,23,1573748256.83038,1573748258.84871,2.01832985877991
297,0,22,1573748256.77828,1573748258.90082,2.12254214286804
298,2,29,1573748257.75,1573748259.90414,2.15414118766785
299,5,44,1573748258.02277,1573748260.19065,2.16787838935852
300,6,22,1573748258.44159,1573748260.61989,2.17829728126526
301,2,30,1573748258.62145,1573748260.82863,2.20717573165894
302,1,24,1573748258.83172,1573748261.06363,2.23190689086914
303,4,36,1573748259.39256,1573748261.67909,2.28652572631836
304,0,23,1573748261.12644,1573748263.4646,2.33815550804138
305,1,25,1573748261.31718,1573748263.6708,2.3536229133606
306,1,26,1573748261.42006,1573748263.77964,2.35957431793213
307,4,38,1573748261.54069,1573748263.90722,2.36652994155884
308,8,29,1573748261.73751,1573748263.94399,2.20648074150085
309,2,31,1573748261.70083,1573748263.98952,2.28868985176086
310,3,27,1573748262.51245,1573748264.82021,2.30775499343872
311,5,45,1573748262.52456,1573748265.74241,3.21785378456116
312,8,30,1573748263.04596,1573748265.88818,2.84221696853638
313,5,46,1573748263.42225,1573748266.03068,2.6084258556366
314,3,28,1573748263.90284,1573748266.04728,2.14443874359131
315,3,29,1573748264.28626,1573748266.4441,2.15784001350403
316,3,30,1573748264.5494,1573748266.65164,2.10224509239197
317,3,31,1573748265.04785,1573748267.09898,2.05113649368286
318,5,47,1573748265.79988,1573748267.82866,2.02878165245056
319,8,32,1573748266.11721,1573748268.13629,2.01908326148987
320,8,31,1573748266.09407,1573748268.15266,2.05859017372131
321,3,32,1573748266.23078,1573748268.26348,2.03270220756531
322,9,31,1573748266.38135,1573748268.4199,2.03854894638062
323,4,39,1573748267.16005,1573748269.15191,1.9918577671051
324,1,28,1573748267.29926,1573748269.28154,1.9822826385498
325,1,29,1573748267.41129,1573748269.40226,1.99097084999084
326,5,48,1573748267.55861,1573748269.75892,2.20030999183655
327,1,30,1573748268.83062,1573748270.70087,1.87024974822998
328,6,23,1573748268.88175,1573748270.74707,1.86531615257263
329,9,32,1573748270.03827,1573748271.90966,1.87138104438782
330,6,24,1573748270.25921,1573748272.21194,1.95273303985596
331,9,33,1573748270.82254,1573748272.81977,1.99723291397095
332,5,49,1573748270.8319,1573748272.879,2.04710412025452
333,5,50,1573748270.87812,1573748272.9062,2.028080701828
334,2,32,1573748271.87562,1573748274.06453,2.18890953063965
335,3,33,1573748272.0258,1573748274.14266,2.11686086654663
336,5,51,1573748272.47234,1573748274.52375,2.05140471458435
337,7,32,1573748272.92095,1573748274.93184,2.01089072227478
338,3,34,1573748273.47144,1573748275.40607,1.93463611602783
339,8,33,1573748275.78528,1573748277.61112,1.82583522796631
340,0,24,1573748276.12116,1573748277.92675,1.80559134483337
341,8,34,1573748277.11121,1573748278.96255,1.85133862495422
342,4,40,1573748277.89827,1573748279.7512,1.8529257774353
343,1,31,1573748278.4145,1573748280.2888,1.87429690361023
344,8,35,1573748278.47175,1573748280.30295,1.83120489120483
345,5,52,1573748280.43066,1573748282.25613,1.82547044754028
346,6,25,1573748280.58387,1573748282.46774,1.88386464118958
347,3,35,1573748280.85137,1573748282.75416,1.90278077125549
348,7,33,1573748281.90446,1573748283.82825,1.9237904548645
349,6,26,1573748282.1421,1573748284.03506,1.89296817779541
350,2,33,1573748282.24012,1573748284.1474,1.90728139877319
351,9,34,1573748283.15403,1573748285.09165,1.93761920928955
352,6,27,1573748284.10342,1573748286.07924,1.97581768035889
353,8,36,1573748284.95761,1573748286.94749,1.98988103866577
354,3,36,1573748285.41712,1573748287.42918,2.01206111907959
355,6,28,1573748286.28033,1573748288.30877,2.02843618392944
356,6,29,1573748286.32252,1573748288.35838,2.03585147857666
357,5,53,1573748286.44088,1573748288.51381,2.07293057441711
358,0,25,1573748286.70032,1573748288.75582,2.05550026893616
359,9,35,1573748287.20132,1573748289.26765,2.06632852554321
360,1,32,1573748287.4649,1573748289.56773,2.10283255577087
361,9,36,1573748288.66866,1573748290.74147,2.07281374931335
362,0,26,1573748289.02671,1573748291.01426,1.987553358078
363,2,34,1573748289.13575,1573748291.13587,2.00011849403381
364,5,54,1573748289.84154,1573748291.68843,1.84688496589661
365,6,30,1573748290.84079,1573748292.65432,1.81352949142456
366,7,34,1573748290.96577,1573748292.81435,1.84858584403992
367,1,33,1573748291.99573,1573748293.81643,1.82070159912109
368,6,31,1573748292.83691,1573748294.73928,1.9023745059967
369,6,32,1573748293.37836,1573748295.31716,1.93880271911621
370,9,37,1573748293.47412,1573748295.44421,1.9700984954834
371,6,33,1573748293.56116,1573748295.54191,1.98074793815613
372,6,34,1573748294.03278,1573748295.97828,1.94550013542175
373,1,34,1573748294.5365,1573748296.43168,1.89518141746521
374,7,35,1573748294.75378,1573748296.62668,1.8729031085968
375,9,38,1573748295.5716,1573748297.36746,1.79585766792297
376,9,39,1573748296.4843,1573748298.28655,1.80225157737732
377,4,41,1573748298.25736,1573748300.25268,1.99531555175781
378,5,55,1573748298.34662,1573748300.29363,1.94700336456299
379,3,37,1573748298.53314,1573748300.52387,1.9907374382019
380,7,36,1573748298.55514,1573748300.5467,1.99156451225281
381,1,35,1573748298.713,1573748300.69386,1.98086023330688
382,0,27,1573748299.2257,1573748301.22128,1.99557828903198
383,4,42,1573748299.60421,1573748301.57785,1.97363805770874
384,0,28,1573748299.79681,1573748301.72951,1.93270754814148
385,2,35,1573748300.41988,1573748302.31399,1.89411449432373
386,9,40,1573748301.17666,1573748303.01966,1.84300303459167
387,5,56,1573748303.01673,1573748304.8205,1.80376625061035
388,0,29,1573748303.74885,1573748305.58306,1.83421063423157
389,7,37,1573748304.8904,1573748306.67946,1.7890625
390,2,36,1573748306.50226,1573748308.38763,1.88537096977234
391,4,43,1573748307.20025,1573748309.07785,1.87759280204773
392,5,57,1573748307.50876,1573748309.37182,1.8630588054657
393,0,30,1573748308.14195,1573748309.95342,1.81147217750549
394,3,38,1573748310.27858,1573748312.07086,1.79228234291077
395,1,36,1573748311.04781,1573748312.87307,1.82525992393494
396,5,58,1573748311.84515,1573748313.64832,1.80317139625549
397,2,37,1573748312.21581,1573748314.03536,1.8195526599884
398,8,37,1573748312.84258,1573748314.66101,1.81842708587646
399,8,38,1573748314.54781,1573748316.40474,1.85692954063416
400,7,38,1573748314.69744,1573748316.57867,1.88122534751892
401,1,37,1573748314.86794,1573748316.73738,1.86944508552551
402,6,35,1573748315.40672,1573748317.3109,1.90418457984924
403,3,39,1573748315.92886,1573748317.83634,1.90747785568237
404,6,36,1573748316.3165,1573748318.22251,1.90600943565369
405,7,39,1573748316.48949,1573748318.39451,1.90502333641052
406,2,38,1573748317.40306,1573748319.24632,1.8432514667511
407,8,39,1573748318.22913,1573748320.05766,1.82853174209595
408,7,40,1573748318.53947,1573748320.32668,1.78721022605896
409,1,38,1573748319.31089,1573748321.09267,1.78178763389587
410,8,40,1573748320.96827,1573748322.85436,1.88609480857849
411,7,41,1573748321.04543,1573748322.96865,1.9232189655304
412,1,39,1573748321.29156,1573748323.22468,1.93311834335327
413,7,42,1573748321.69441,1573748323.7032,2.00879502296448
414,2,39,1573748321.82202,1573748323.79699,1.9749710559845
415,2,40,1573748321.85701,1573748323.82743,1.97042584419251
416,1,40,1573748322.731,1573748324.72299,1.99198722839355
417,0,31,1573748322.80691,1573748324.80159,1.99467611312866
418,9,41,1573748323.40799,1573748325.34287,1.93488049507141
419,4,44,1573748323.40479,1573748325.37171,1.9669246673584
420,2,41,1573748323.67594,1573748325.63372,1.95777249336243
421,2,42,1573748324.04598,1573748325.94749,1.90150594711304
422,4,45,1573748325.36968,1573748327.18516,1.81547379493713
423,7,43,1573748326.72856,1573748328.586,1.85743761062622
424,1,41,1573748327.31073,1573748329.10863,1.79789781570435
425,2,43,1573748327.631,1573748329.43848,1.80747652053833
426,6,37,1573748330.80711,1573748332.69239,1.88528037071228
427,3,40,1573748330.98007,1573748332.87367,1.89360213279724
428,8,41,1573748331.19084,1573748333.11357,1.92273688316345
429,4,46,1573748331.26843,1573748333.18074,1.91231060028076
430,3,41,1573748331.98889,1573748333.91509,1.92619895935059
431,8,42,1573748332.62778,1573748334.61269,1.9849066734314
432,1,42,1573748332.86602,1573748334.87656,2.01053762435913
433,8,43,1573748332.89958,1573748334.91123,2.01164293289185
434,3,42,1573748333.25557,1573748335.23981,1.98424243927002
435,9,42,1573748333.69568,1573748335.71743,2.02175450325012
436,3,43,1573748333.78921,1573748335.78459,1.99537968635559
437,2,44,1573748333.79867,1573748335.83853,2.03986024856567
438,8,44,1573748334.06985,1573748336.06243,1.99257946014404
439,3,44,1573748334.48493,1573748336.52832,2.04339385032654
440,1,43,1573748336.57342,1573748338.41035,1.83693075180054
441,8,45,1573748337.08063,1573748338.95939,1.87875938415527
442,1,44,1573748337.18135,1573748339.046,1.86465167999268
443,4,48,1573748337.6511,1573748339.55481,1.90371561050415
444,1,45,1573748338.65226,1573748340.56464,1.91238021850586
445,3,45,1573748338.69657,1573748340.61214,1.91556930541992
446,6,38,1573748338.92286,1573748340.84836,1.92549467086792
447,2,45,1573748339.76447,1573748341.68604,1.92157244682312
448,6,39,1573748340.12454,1573748342.08043,1.95589208602905
449,8,46,1573748341.06445,1573748343.0192,1.95474934577942
450,4,49,1573748341.16932,1573748343.13734,1.9680278301239
451,1,46,1573748341.30661,1573748343.25592,1.94930815696716
452,2,46,1573748341.57886,1573748343.58567,2.00681519508362
453,4,50,1573748341.81576,1573748343.76474,1.9489860534668
454,6,40,1573748342.49639,1573748344.45617,1.95977711677551
455,1,47,1573748343.03572,1573748344.96096,1.92523789405823
456,6,41,1573748343.15871,1573748345.05689,1.89818263053894
457,5,59,1573748344.02055,1573748345.96907,1.94851732254028
458,1,48,1573748344.54741,1573748346.45865,1.91124415397644
459,2,47,1573748344.56884,1573748346.50248,1.93364858627319
460,4,51,1573748344.80117,1573748346.70464,1.90347456932068
461,9,43,1573748346.08744,1573748347.91113,1.82368755340576
462,2,48,1573748346.83704,1573748348.64341,1.80636620521545
463,6,42,1573748347.54444,1573748349.384,1.8395676612854
464,4,52,1573748347.67045,1573748349.52317,1.85272145271301
465,2,49,1573748348.60671,1573748350.48218,1.87546944618225
466,6,43,1573748348.96193,1573748350.82399,1.86206555366516
467,7,44,1573748349.02795,1573748350.89406,1.86611342430115
468,8,47,1573748350.63941,1573748352.46228,1.82286739349365
469,8,48,1573748350.76428,1573748352.60701,1.84272837638855
470,5,60,1573748352.41158,1573748354.25341,1.84183764457703
471,8,49,1573748352.60723,1573748354.481,1.87377142906189
472,8,50,1573748352.68645,1573748354.60932,1.92286705970764
473,5,61,1573748353.05834,1573748354.98633,1.92798948287964
474,1,49,1573748353.94056,1573748355.89498,1.95441913604736
475,6,44,1573748354.21642,1573748356.11497,1.89854574203491
476,2,50,1573748354.36168,1573748356.26368,1.90200328826904
477,9,44,1573748354.60401,1573748356.45465,1.85064649581909
478,2,51,1573748356.07159,1573748357.954,1.88241195678711
479,8,51,1573748356.57753,1573748358.48972,1.91218996047974
480,2,52,1573748356.67767,1573748358.57561,1.89794206619263
481,6,45,1573748356.68257,1573748358.60159,1.91902089118958
482,9,45,1573748357.04322,1573748358.95907,1.91585874557495
483,0,32,1573748358.98744,1573748360.8827,1.89525866508484
484,3,46,1573748359.0041,1573748360.89107,1.88697123527527
485,5,62,1573748358.98978,1573748360.90249,1.91271042823792
486,1,50,1573748360.1445,1573748362.02553,1.88102912902832
487,8,52,1573748360.35183,1573748362.24052,1.88869380950928
488,8,53,1573748360.92643,1573748362.76464,1.8382089138031
489,5,63,1573748361.09982,1573748362.94007,1.84025001525879
490,7,45,1573748362.53557,1573748364.41494,1.87936806678772
491,8,54,1573748362.86857,1573748364.75016,1.88159346580505
492,6,46,1573748363.06381,1573748365.039,1.97518587112427
493,4,53,1573748363.18225,1573748365.11568,1.93342089653015
494,8,55,1573748363.56172,1573748365.5211,1.95937323570251
495,3,47,1573748364.10827,1573748366.08098,1.97270965576172
496,8,56,1573748364.62207,1573748366.60021,1.97813725471497
497,1,51,1573748365.07646,1573748367.07827,2.00180268287659
498,5,64,1573748365.25688,1573748367.24729,1.99040269851685
499,4,54,1573748365.26536,1573748367.26201,1.99664783477783
500,1,52,1573748365.44207,1573748367.40663,1.96455955505371
501,0,33,1573748365.95195,1573748367.9069,1.95495080947876
502,3,48,1573748366.25029,1573748368.15401,1.90371799468994
503,2,53,1573748367.38264,1573748369.24962,1.86698698997498
504,3,49,1573748367.81608,1573748369.65111,1.83502745628357
505,7,46,1573748368.28345,1573748370.13487,1.85141515731812
506,1,53,1573748368.36448,1573748370.23023,1.86575365066528
507,9,46,1573748369.40953,1573748371.23628,1.8267502784729
508,7,47,1573748369.80195,1573748371.67382,1.87187767028809
509,6,47,1573748370.55023,1573748372.41069,1.86045980453491
510,6,48,1573748371.36405,1573748373.214,1.84995532035828
511,0,34,1573748371.42559,1573748373.27034,1.84475445747376
512,8,57,1573748372.69515,1573748374.48905,1.79389691352844
513,6,49,1573748373.28683,1573748375.06027,1.77343153953552
514,8,58,1573748374.09332,1573748375.87985,1.78652882575989
515,2,54,1573748375.62858,1573748377.53671,1.90812969207764
516,9,47,1573748376.16085,1573748378.18649,2.02563571929932
517,1,54,1573748376.68162,1573748378.71915,2.03752899169922
518,7,48,1573748376.81521,1573748378.90006,2.0848548412323
519,0,35,1573748378.017,1573748379.9664,1.94939947128296
520,3,50,1573748378.09209,1573748380.02361,1.93151998519897
521,0,36,1573748378.13143,1573748380.11457,1.98313212394714
522,8,59,1573748378.45014,1573748380.40058,1.95043992996216
523,0,37,1573748378.93102,1573748380.87229,1.94127249717712
524,5,65,1573748379.87296,1573748381.76595,1.89298439025879
525,4,55,1573748380.20795,1573748382.10342,1.89546895027161
526,1,55,1573748380.32754,1573748382.21508,1.88753581047058
527,8,60,1573748380.80596,1573748382.6901,1.88413858413696
528,6,50,1573748380.88454,1573748382.76004,1.87550020217896
529,7,49,1573748382.41395,1573748384.20845,1.79450106620789
530,5,66,1573748382.67108,1573748384.4966,1.82551741600037
531,9,48,1573748382.8908,1573748384.71029,1.81948590278626
532,8,61,1573748383.62455,1573748385.44587,1.82132411003113
533,8,62,1573748384.21462,1573748386.02969,1.81506204605103
534,3,51,1573748384.60226,1573748386.42723,1.82496380805969
535,7,50,1573748385.81154,1573748387.8978,2.08625388145447
536,0,38,1573748386.37572,1573748388.3857,2.0099835395813
537,3,52,1573748386.67513,1573748388.74379,2.06866002082825
538,5,67,1573748386.98461,1573748389.11171,2.1271014213562
539,9,49,1573748387.12336,1573748389.23043,2.10706472396851
540,6,51,1573748388.34031,1573748390.27932,1.9390115737915
541,0,39,1573748389.0479,1573748390.88014,1.83224177360535
542,9,50,1573748391.48698,1573748393.35886,1.87188458442688
543,0,40,1573748391.81321,1573748393.69865,1.88544082641602
544,7,51,1573748391.96834,1573748393.84642,1.87807774543762
545,4,56,1573748392.79438,1573748394.74245,1.9480676651001
546,6,52,1573748393.09456,1573748395.09608,2.00152349472046
547,0,41,1573748393.15503,1573748395.11415,1.95911431312561
548,0,42,1573748393.71105,1573748395.65627,1.94521903991699
549,7,52,1573748393.79069,1573748395.74282,1.9521324634552
550,5,68,1573748393.85661,1573748395.79887,1.94225931167603
551,8,63,1573748394.95968,1573748396.88042,1.92074799537659
552,1,56,1573748395.12004,1573748397.02919,1.90914869308472
553,3,53,1573748396.27336,1573748398.28262,2.00925779342651
554,6,53,1573748396.45894,1573748398.49366,2.03472805023193
555,0,43,1573748396.51681,1573748398.56609,2.04928183555603
556,1,57,1573748397.09234,1573748399.13644,2.04410028457642
557,6,54,1573748398.00063,1573748400.05722,2.0565915107727
558,5,69,1573748398.55591,1573748400.63717,2.08125615119934
559,4,57,1573748398.79588,1573748400.83632,2.04043841362
560,9,51,1573748399.02178,1573748401.03997,2.01819610595703
561,9,52,1573748399.25708,1573748401.25737,2.00028944015503
562,1,58,1573748399.57112,1573748401.56842,1.99729990959167
563,7,53,1573748400.32906,1573748402.31145,1.98239088058472
564,0,44,1573748400.4791,1573748402.46375,1.9846453666687
565,6,55,1573748401.27715,1573748403.19036,1.91321134567261
566,4,58,1573748401.7145,1573748403.61412,1.89962482452393
567,1,59,1573748401.98577,1573748403.88116,1.89538955688477
568,8,65,1573748402.35102,1573748404.24301,1.89198732376099
569,7,54,1573748403.75568,1573748405.6856,1.92991638183594
570,0,45,1573748403.93455,1573748405.90258,1.96803212165833
571,7,55,1573748404.01038,1573748405.93398,1.92360067367554
572,4,59,1573748403.99892,1573748405.98513,1.98621082305908
573,6,56,1573748404.35093,1573748406.28483,1.93389964103699
574,5,70,1573748405.94042,1573748407.94698,2.00656223297119
575,8,66,1573748406.18439,1573748408.21182,2.02743363380432
576,2,55,1573748406.25143,1573748408.27273,2.02130222320557
577,0,46,1573748407.39441,1573748409.32289,1.92848038673401
578,9,53,1573748407.59737,1573748409.52545,1.9280800819397
579,9,54,1573748408.08545,1573748409.97364,1.88819408416748
580,2,56,1573748408.62463,1573748410.50276,1.8781270980835
581,0,47,1573748409.39566,1573748411.35459,1.95892214775085
582,2,57,1573748409.51054,1573748411.42829,1.91774153709412
583,3,54,1573748410.13657,1573748412.02787,1.89130163192749
584,1,60,1573748410.50003,1573748412.38544,1.88540291786194
585,8,67,1573748410.71498,1573748412.60611,1.89112710952759
586,8,68,1573748411.2214,1573748413.08396,1.86256384849548
587,0,48,1573748412.38673,1573748414.24066,1.85393857955933
588,9,55,1573748412.73094,1573748414.62569,1.89475178718567
589,0,49,1573748412.81644,1573748414.68387,1.86742472648621
590,1,61,1573748413.57967,1573748415.46727,1.88760304450989
591,6,57,1573748413.71436,1573748415.57631,1.86195421218872
592,0,50,1573748414.03615,1573748415.86803,1.83187294006348
593,2,58,1573748417.3648,1573748419.15623,1.79143238067627
594,0,51,1573748418.06224,1573748419.86713,1.80488300323486
595,3,55,1573748418.72246,1573748420.53749,1.81502652168274
596,4,60,1573748419.29263,1573748421.12615,1.83352398872376
597,3,56,1573748420.01216,1573748421.8662,1.85403990745544
598,4,61,1573748420.36519,1573748422.1944,1.82920718193054
599,4,62,1573748421.07071,1573748422.96442,1.89370560646057
600,9,56,1573748421.39778,1573748423.29822,1.90044116973877
601,2,59,1573748421.9046,1573748423.90552,2.00091671943665
602,4,63,1573748422.07056,1573748424.05633,1.98576164245605
603,1,62,1573748422.33359,1573748424.29884,1.9652464389801
604,7,56,1573748423.29585,1573748425.28735,1.99150347709656
605,9,57,1573748423.36995,1573748425.37967,2.00971746444702
606,6,58,1573748423.71346,1573748425.67006,1.95660471916199
607,2,60,1573748424.19049,1573748426.13448,1.94399452209473
608,9,58,1573748424.6631,1573748426.56186,1.89876556396484
609,2,61,1573748425.04874,1573748426.92176,1.87302684783936
610,6,59,1573748425.70067,1573748427.48995,1.78927946090698
611,9,59,1573748427.87304,1573748429.64883,1.77578926086426
612,0,52,1573748428.63948,1573748430.46164,1.82216334342957
613,5,71,1573748428.68778,1573748430.47069,1.78291416168213
614,3,57,1573748429.56226,1573748431.38872,1.8264582157135
615,2,62,1573748431.12306,1573748433.08125,1.95819616317749
616,4,64,1573748431.29091,1573748433.24427,1.95335674285889
617,0,53,1573748431.54939,1573748433.51412,1.96472930908203
618,7,57,1573748432.16115,1573748434.11052,1.94936656951904
619,4,65,1573748432.18498,1573748434.16367,1.97868633270264
620,5,72,1573748432.67958,1573748434.58433,1.90474677085876
621,6,60,1573748434.35448,1573748436.15215,1.79767322540283
622,4,66,1573748435.72937,1573748437.63669,1.90732383728027
623,7,58,1573748436.27994,1573748438.21344,1.93349647521973
624,0,54,1573748436.49819,1573748438.432,1.93380570411682
625,7,59,1573748436.47471,1573748438.45109,1.97637629508972
626,4,67,1573748436.8194,1573748438.77205,1.95265340805054
627,6,61,1573748437.70188,1573748439.60088,1.89900422096252
628,0,55,1573748438.3845,1573748440.32498,1.94048190116882
629,2,63,1573748438.56691,1573748440.4881,1.92118525505066
630,7,60,1573748439.05906,1573748441.01494,1.95588135719299
631,7,61,1573748439.35541,1573748441.33875,1.98333787918091
632,5,73,1573748439.57067,1573748441.54365,1.97298097610474
633,4,68,1573748439.92284,1573748441.87922,1.956383228302
634,5,74,1573748439.98797,1573748441.93913,1.95116019248962
635,8,69,1573748440.17015,1573748442.14802,1.97787022590637
636,5,75,1573748442.23761,1573748444.02725,1.78964066505432
637,9,61,1573748443.07376,1573748444.93111,1.85734033584595
638,7,62,1573748443.5586,1573748445.45427,1.89566993713379
639,6,62,1573748444.26858,1573748446.19602,1.92744016647339
640,7,63,1573748444.37817,1573748446.33556,1.95738816261292
641,2,64,1573748444.64314,1573748446.58161,1.93846917152405
642,7,64,1573748444.92262,1573748446.85186,1.92924380302429
643,3,58,1573748445.61639,1573748447.44216,1.82576894760132
644,5,76,1573748447.03383,1573748448.88666,1.85283541679382
645,3,59,1573748447.67302,1573748449.56368,1.89066481590271
646,6,63,1573748447.7396,1573748449.62495,1.88534832000732
647,5,77,1573748448.48426,1573748450.38146,1.89719486236572
648,2,65,1573748448.51079,1573748450.44026,1.92947149276733
649,6,64,1573748449.30167,1573748451.22765,1.92597627639771
650,5,78,1573748449.83038,1573748451.77379,1.94341516494751
651,1,63,1573748450.15287,1573748452.22228,2.069415807724
652,8,70,1573748450.28889,1573748452.34147,2.05257725715637
653,9,62,1573748450.64828,1573748452.76198,2.11370062828064
654,3,60,1573748450.65652,1573748452.80598,2.14946222305298
655,2,66,1573748451.45247,1573748453.55722,2.10475587844849
656,8,71,1573748451.58658,1573748453.75392,2.16734313964844
657,5,79,1573748452.13941,1573748454.20618,2.06676173210144
658,2,67,1573748452.3678,1573748454.44892,2.08111476898193
659,9,63,1573748452.82806,1573748454.84772,2.0196545124054
660,2,68,1573748453.02108,1573748455.026,2.00491642951965
661,4,69,1573748453.3046,1573748455.31681,2.01221585273743
662,3,61,1573748453.6056,1573748455.60869,2.00309491157532
663,2,69,1573748454.44987,1573748456.52135,2.07147932052612
664,4,70,1573748454.67211,1573748456.71593,2.04382348060608
665,2,70,1573748454.6871,1573748456.75824,2.07114601135254
666,5,80,1573748454.92518,1573748456.93812,2.01293516159058
667,7,65,1573748455.01112,1573748457.05325,2.04212832450867
668,5,81,1573748455.65307,1573748457.65776,2.00468492507935
669,4,71,1573748455.6918,1573748457.67567,1.98387122154236
670,6,65,1573748455.74694,1573748457.77072,2.02378368377686
671,8,72,1573748456.60466,1573748458.48615,1.8814845085144
672,1,64,1573748457.92388,1573748459.72805,1.80416798591614
673,5,82,1573748458.44678,1573748460.29461,1.84783935546875
674,3,62,1573748458.97853,1573748460.92092,1.94238829612732
675,0,56,1573748459.20813,1573748461.14011,1.93198347091675
676,3,63,1573748459.86059,1573748461.90439,2.04380416870117
677,5,83,1573748460.14068,1573748462.28395,2.14327359199524
678,1,65,1573748460.40769,1573748462.50407,2.0963773727417
679,4,72,1573748460.96398,1573748463.02454,2.06055641174316
680,9,64,1573748461.1866,1573748463.31416,2.1275622844696
681,3,64,1573748461.28411,1573748463.4547,2.17059183120728
682,5,84,1573748461.61402,1573748463.74489,2.13087248802185
683,5,85,1573748461.84462,1573748463.97448,2.12986540794373
684,9,65,1573748461.98108,1573748464.05768,2.07659888267517
685,0,57,1573748462.68565,1573748464.72964,2.04398584365845
686,0,58,1573748462.8027,1573748464.87498,2.07228350639343
687,8,73,1573748462.80747,1573748465.17588,2.36840176582336
688,3,65,1573748463.15093,1573748465.37113,2.22019386291504
689,6,66,1573748463.2572,1573748465.48185,2.22464752197266
690,2,71,1573748463.49719,1573748465.75137,2.2541778087616
691,7,66,1573748463.69942,1573748465.99039,2.29096555709839
692,6,67,1573748463.82169,1573748466.08058,2.25889754295349
693,6,68,1573748464.17345,1573748466.73519,2.56173801422119
694,5,86,1573748464.66705,1573748466.88486,2.21780920028687
695,3,66,1573748464.97219,1573748467.13203,2.15984201431274
696,3,67,1573748465.7681,1573748467.69872,1.93061685562134
697,3,68,1573748466.0143,1573748467.94679,1.93248295783997
698,6,69,1573748466.08435,1573748468.03599,1.95163035392761
699,1,66,1573748466.19393,1573748468.15024,1.95631170272827
700,6,70,1573748467.01334,1573748468.90563,1.89229297637939
701,5,87,1573748467.50095,1573748469.39122,1.8902633190155
702,7,67,1573748467.79678,1573748469.65128,1.85450053215027
703,8,74,1573748468.29559,1573748470.16357,1.86798691749573
704,7,68,1573748468.55278,1573748470.40114,1.84835624694824
705,6,71,1573748469.0486,1573748470.86292,1.81432294845581
706,5,88,1573748469.6646,1573748471.47449,1.80989170074463
707,4,73,1573748471.92776,1573748473.70704,1.77927756309509
708,2,72,1573748472.2623,1573748474.05489,1.79259061813355
709,7,69,1573748475.83817,1573748477.69405,1.85588383674622
710,5,89,1573748476.1475,1573748478.04097,1.89346671104431
711,5,90,1573748476.20874,1573748478.10221,1.89346981048584
712,3,69,1573748476.36021,1573748478.24953,1.88931345939636
713,2,73,1573748476.77432,1573748478.63271,1.85839247703552
714,0,59,1573748477.93247,1573748479.7665,1.83403158187866
715,3,70,1573748478.20569,1573748480.02292,1.81723117828369
716,8,75,1573748478.60053,1573748480.40139,1.80085873603821
717,8,76,1573748478.68522,1573748480.49703,1.81181168556213
718,1,67,1573748481.10136,1573748482.95834,1.85698437690735
719,3,71,1573748481.25989,1573748483.10008,1.84019207954407
720,5,91,1573748481.38666,1573748483.25886,1.87219548225403
721,1,68,1573748481.9661,1573748483.82845,1.86234855651855
722,4,75,1573748482.92377,1573748484.73636,1.81259512901306
723,3,72,1573748483.56555,1573748485.40039,1.83483862876892
724,1,69,1573748483.66511,1573748485.47043,1.80531740188599
725,0,60,1573748484.87063,1573748486.76177,1.8911395072937
726,5,92,1573748485.04269,1573748486.92399,1.88129639625549
727,7,70,1573748485.32309,1573748487.25441,1.93131804466248
728,5,93,1573748486.66436,1573748488.6325,1.9681339263916
729,0,61,1573748487.58737,1573748489.66911,2.08174753189087
730,5,94,1573748487.72598,1573748489.82307,2.09709095954895
731,4,76,1573748488.02217,1573748490.25044,2.22827124595642
732,5,95,1573748488.09436,1573748490.28886,2.19450354576111
733,0,62,1573748488.41977,1573748490.55636,2.13658475875854
734,2,74,1573748488.83786,1573748491.0096,2.17173767089844
735,6,72,1573748489.28193,1573748491.43281,2.15088629722595
736,6,73,1573748489.30332,1573748491.54305,2.23972296714783
737,3,73,1573748489.38201,1573748491.84127,2.45925855636597
738,1,70,1573748490.63948,1573748492.68167,2.04218554496765
739,2,75,1573748490.79426,1573748492.82495,2.03069281578064
740,8,77,1573748491.38566,1573748493.29505,1.90939092636108
741,6,74,1573748493.17613,1573748495.05249,1.87636375427246
742,7,71,1573748493.43203,1573748495.31389,1.88186001777649
743,5,96,1573748493.50706,1573748495.39017,1.88310432434082
744,8,78,1573748493.76459,1573748495.65225,1.88766551017761
745,4,77,1573748495.0349,1573748496.98971,1.9548077583313
746,4,78,1573748495.21515,1573748497.15854,1.94339084625244
747,3,74,1573748495.50556,1573748497.43117,1.92560291290283
748,6,75,1573748496.12242,1573748498.04833,1.92591261863709
749,3,75,1573748496.72249,1573748498.64126,1.91876769065857
750,4,79,1573748497.13817,1573748499.00254,1.86437082290649
751,0,63,1573748498.38857,1573748500.25951,1.87094068527222
752,4,80,1573748498.58061,1573748500.42566,1.84505224227905
753,3,76,1573748499.29049,1573748501.1687,1.87820100784302
754,2,76,1573748499.79178,1573748501.67493,1.88315606117249
755,3,77,1573748501.03859,1573748502.99503,1.95643830299377
756,8,79,1573748501.25536,1573748503.20799,1.9526219367981
757,6,76,1573748501.26364,1573748503.23179,1.96814465522766
758,4,81,1573748501.61164,1573748503.59364,1.98200821876526
759,5,97,1573748501.68688,1573748503.63441,1.94753456115723
760,1,71,1573748502.67978,1573748504.62092,1.94113922119141
761,2,77,1573748502.86726,1573748504.77607,1.90880632400513
762,3,78,1573748503.04232,1573748504.98508,1.94276237487793
763,4,82,1573748503.11401,1573748505.05003,1.93601083755493
764,5,98,1573748504.30392,1573748506.13335,1.82943463325501
765,6,77,1573748505.16898,1573748507.00071,1.83172869682312
766,7,72,1573748505.59089,1573748507.46968,1.87879467010498
767,9,66,1573748506.06963,1573748507.94081,1.87117600440979
768,0,64,1573748506.722,1573748508.58563,1.86363005638123
769,5,99,1573748507.05486,1573748508.91252,1.85765862464905
770,9,67,1573748508.76188,1573748510.60128,1.83940148353577
771,0,65,1573748509.10667,1573748510.97913,1.87245678901672
772,3,79,1573748509.12013,1573748511.00703,1.8869001865387
773,8,80,1573748510.03105,1573748511.96209,1.93104219436646
774,8,81,1573748510.3451,1573748512.2893,1.94419717788696
775,6,78,1573748510.6524,1573748512.54008,1.8876781463623
776,9,68,1573748511.27175,1573748513.16511,1.89336037635803
777,8,82,1573748512.08497,1573748514.01809,1.93311595916748
778,0,66,1573748512.40726,1573748514.34922,1.94196462631226
779,6,79,1573748512.75625,1573748514.67243,1.91618609428406
780,8,83,1573748512.90518,1573748514.8149,1.90971422195435
781,1,72,1573748513.31855,1573748515.18067,1.86211848258972
782,9,69,1573748515.1322,1573748517.04481,1.91261267662048
783,9,70,1573748515.19346,1573748517.12209,1.92862057685852
784,9,71,1573748515.78945,1573748517.74768,1.95823073387146
785,9,72,1573748515.93721,1573748517.91482,1.97761011123657
786,7,73,1573748516.05727,1573748518.0476,1.99032425880432
787,8,84,1573748516.20099,1573748518.17275,1.97176384925842
788,0,67,1573748516.72814,1573748518.68131,1.9531741142273
789,2,78,1573748517.82271,1573748519.69749,1.87478351593018
790,0,68,1573748518.0357,1573748519.89586,1.86015152931213
791,9,73,1573748518.37063,1573748520.23695,1.86631727218628
792,6,80,1573748518.70207,1573748520.55101,1.84893655776978
793,9,74,1573748520.7805,1573748522.64801,1.86751580238342
794,6,81,1573748520.76855,1573748522.65751,1.88896036148071
795,8,85,1573748520.84325,1573748522.71172,1.86847448348999
796,6,82,1573748521.34103,1573748523.2038,1.86276936531067
797,3,80,1573748522.38485,1573748524.20895,1.82409858703613
798,8,86,1573748523.27233,1573748525.104,1.83166813850403
799,8,87,1573748523.43346,1573748525.30054,1.8670756816864
800,3,81,1573748524.19255,1573748526.03427,1.84172177314758
801,7,74,1573748524.97702,1573748526.85272,1.87570285797119
802,3,82,1573748525.41997,1573748527.29268,1.87270164489746
803,0,69,1573748526.41939,1573748528.38566,1.96626830101013
804,8,88,1573748526.8366,1573748528.72245,1.88584971427917
805,0,70,1573748526.9425,1573748528.8309,1.88839912414551
806,8,89,1573748527.46496,1573748529.38609,1.92113184928894
807,4,83,1573748527.56385,1573748529.49021,1.92635345458984
808,2,79,1573748528.39822,1573748530.31545,1.91723155975342
809,7,75,1573748528.45812,1573748530.38076,1.92263889312744
810,3,83,1573748529.01618,1573748531.02498,2.00879883766174
811,9,75,1573748529.61308,1573748531.60877,1.99569439888001
812,4,84,1573748529.66832,1573748531.67808,2.00976157188416
813,3,84,1573748530.00819,1573748532.00349,1.99530529975891
814,7,76,1573748530.15351,1573748532.10797,1.95445513725281
815,7,77,1573748530.58217,1573748532.51711,1.93494415283203
816,6,84,1573748530.69292,1573748532.63633,1.94340586662292
817,8,90,1573748532.85637,1573748534.69161,1.83523797988892
818,2,80,1573748532.9871,1573748534.86012,1.87302184104919
819,3,85,1573748533.20301,1573748535.08377,1.88075804710388
820,1,73,1573748533.5053,1573748535.37399,1.86869382858276
821,8,91,1573748533.52935,1573748535.41849,1.88913750648499
822,3,86,1573748534.02239,1573748535.91746,1.8950674533844
823,8,92,1573748535.24443,1573748537.08801,1.84357738494873
824,2,81,1573748536.13107,1573748537.99964,1.86857342720032
825,8,93,1573748536.65522,1573748538.52487,1.8696494102478
826,4,85,1573748536.71402,1573748538.56481,1.85079574584961
827,7,78,1573748536.7431,1573748538.59701,1.85390877723694
828,7,79,1573748538.25718,1573748540.19264,1.93545365333557
829,6,85,1573748539.27827,1573748541.26259,1.98432421684265
830,7,80,1573748539.79143,1573748541.77154,1.98011112213135
831,3,87,1573748540.33899,1573748542.29422,1.95523023605347
832,9,76,1573748540.55792,1573748542.53023,1.97231221199036
833,8,94,1573748541.89936,1573748543.8776,1.97824740409851
834,3,88,1573748542.33351,1573748544.21441,1.88089632987976
835,1,74,1573748542.58894,1573748544.4234,1.83445644378662
836,8,95,1573748544.63641,1573748546.91347,2.27705764770508
837,0,71,1573748544.76645,1573748547.0261,2.25964832305908
838,3,89,1573748545.05916,1573748547.30556,2.24640297889709
839,8,96,1573748546.11624,1573748548.22834,2.11209392547607
840,6,86,1573748546.11522,1573748548.25407,2.13884139060974
841,9,77,1573748546.48404,1573748548.47143,1.98738479614258
842,0,72,1573748546.8565,1573748548.7997,1.94320130348206
843,3,90,1573748548.53887,1573748550.40564,1.86677646636963
844,2,82,1573748549.05436,1573748550.9228,1.8684458732605
845,2,83,1573748549.93312,1573748551.85304,1.91992616653442
846,3,91,1573748550.33888,1573748552.30255,1.96367383003235
847,0,73,1573748551.01312,1573748553.01749,2.00437068939209
848,1,75,1573748551.05044,1573748553.03258,1.98214173316956
849,7,81,1573748551.56747,1573748553.56594,1.9984712600708
850,9,78,1573748551.85742,1573748553.92349,2.06607627868652
851,6,87,1573748552.14343,1573748554.17731,2.03387451171875
852,8,97,1573748552.56338,1573748554.64756,2.08417725563049
853,9,79,1573748552.92282,1573748554.96469,2.04187393188477
854,1,76,1573748553.05067,1573748555.12309,2.07242107391357
855,9,80,1573748553.07859,1573748555.13058,2.05198931694031
856,2,84,1573748553.29141,1573748555.39295,2.10153913497925
857,8,98,1573748553.52178,1573748555.64954,2.12775945663452
858,2,85,1573748553.57895,1573748556.04727,2.46831893920898
859,3,92,1573748554.01504,1573748556.3101,2.29505896568298
860,1,77,1573748554.07452,1573748556.72638,2.65186476707458
861,7,82,1573748554.60663,1573748557.02831,2.42167472839355
862,9,81,1573748554.6856,1573748557.17622,2.49062633514404
863,7,83,1573748555.16487,1573748557.23501,2.0701413154602
864,2,86,1573748555.69662,1573748557.7097,2.01307368278503
865,8,99,1573748555.85839,1573748557.87069,2.0123085975647
866,0,74,1573748556.43951,1573748558.40791,1.96840381622314
867,1,78,1573748557.43883,1573748559.38804,1.94920539855957
868,4,86,1573748558.37402,1573748560.37769,2.00367093086243
869,7,84,1573748558.47259,1573748560.49387,2.02128052711487
870,9,82,1573748558.70151,1573748560.72991,2.02839708328247
871,6,88,1573748558.95311,1573748560.99848,2.04536962509155
872,2,87,1573748559.53427,1573748561.59204,2.057772397995
873,4,87,1573748560.34402,1573748562.46387,2.11985349655151
874,0,75,1573748560.52249,1573748562.57711,2.05462002754211
875,9,83,1573748560.55669,1573748562.60783,2.05113410949707
876,9,84,1573748560.64579,1573748562.68511,2.03932070732117
877,9,85,1573748561.3781,1573748563.40972,2.03161644935608
878,1,79,1573748561.51195,1573748563.51377,2.00181674957275
879,9,86,1573748561.59594,1573748563.5839,1.98796463012695
880,2,88,1573748561.78924,1573748563.75233,1.96309161186218
881,7,85,1573748561.98512,1573748564.37906,2.39393854141235
882,0,76,1573748565.14207,1573748566.97202,1.82994699478149
883,4,88,1573748565.58902,1573748567.43908,1.85005927085876
884,2,89,1573748565.809,1573748567.6556,1.84659314155579
885,2,90,1573748566.91459,1573748568.78195,1.86735963821411
886,4,89,1573748567.56267,1573748569.42083,1.85815930366516
887,4,90,1573748568.10331,1573748569.98599,1.88267660140991
888,9,87,1573748568.12475,1573748570.05054,1.92578721046448
889,6,89,1573748568.3152,1573748570.18353,1.86833095550537
890,6,90,1573748569.9925,1573748571.81562,1.82312345504761
891,0,77,1573748570.81043,1573748572.65722,1.84679269790649
892,9,88,1573748570.93008,1573748572.82948,1.89940237998962
893,4,91,1573748571.14005,1573748572.9905,1.85044574737549
894,4,92,1573748571.83273,1573748573.67938,1.84664463996887
895,7,86,1573748572.89088,1573748574.6934,1.80252408981323
896,0,78,1573748573.93885,1573748575.77516,1.83631277084351
897,6,91,1573748574.30938,1573748576.10383,1.79445838928223
898,9,89,1573748576.8046,1573748578.6478,1.84320592880249
899,6,92,1573748577.01409,1573748578.89497,1.88088297843933
900,1,80,1573748577.22556,1573748579.11897,1.89341354370117
901,9,90,1573748578.18738,1573748580.12525,1.93787670135498
902,4,93,1573748578.23211,1573748580.18577,1.95366024971008
903,4,94,1573748578.3806,1573748580.33299,1.95238995552063
904,0,79,1573748578.71829,1573748580.69197,1.97368264198303
905,4,95,1573748578.95532,1573748580.90802,1.95270586013794
906,3,93,1573748579.59653,1573748581.4918,1.89526224136353
907,4,96,1573748580.45507,1573748582.31841,1.86333966255188
908,6,93,1573748580.88171,1573748582.77353,1.89182567596436
909,1,81,1573748581.60174,1573748583.4558,1.85405850410461
910,0,81,1573748582.41885,1573748584.28743,1.86857795715332
911,0,80,1573748582.40389,1573748584.31262,1.90872526168823
912,1,82,1573748582.72755,1573748584.62925,1.90170359611511
913,9,91,1573748583.45937,1573748585.31081,1.85144686698914
914,6,94,1573748583.5589,1573748585.42811,1.86921572685242
915,3,94,1573748584.39659,1573748586.2426,1.84601855278015
916,9,92,1573748584.49636,1573748586.33849,1.84213209152222
917,6,95,1573748587.66425,1573748589.48083,1.81657838821411
918,9,93,1573748588.45787,1573748590.38104,1.92317152023315
919,4,97,1573748588.47288,1573748590.41898,1.94610548019409
920,3,95,1573748588.53637,1573748590.4596,1.92323422431946
921,7,87,1573748589.59059,1573748591.6109,2.02031111717224
922,9,94,1573748589.57561,1573748591.67862,2.10300755500793
923,1,83,1573748589.79566,1573748591.87449,2.07882213592529
924,4,98,1573748589.86209,1573748591.95839,2.09630346298218
925,0,82,1573748589.96136,1573748592.01239,2.05103063583374
926,2,91,1573748590.39701,1573748592.37854,1.98152351379395
927,3,96,1573748590.7902,1573748592.78745,1.99724960327148
928,4,99,1573748591.38217,1573748593.27264,1.89047360420227
929,1,84,1573748592.00856,1573748593.86766,1.85910177230835
930,2,92,1573748594.49213,1573748596.30647,1.81434416770935
931,9,95,1573748594.83876,1573748596.63798,1.79921460151672
932,7,88,1573748595.59384,1573748597.38085,1.78700470924377
933,6,96,1573748597.55046,1573748599.35119,1.80073952674866
934,3,97,1573748598.2639,1573748600.10247,1.8385694026947
935,3,98,1573748598.31198,1573748600.1526,1.8406240940094
936,7,89,1573748598.4388,1573748600.28346,1.84465956687927
937,2,93,1573748598.93547,1573748600.76409,1.82862019538879
938,1,85,1573748601.36459,1573748603.14254,1.77795314788818
939,2,94,1573748603.02264,1573748604.77484,1.75219941139221
940,3,99,1573748603.88929,1573748605.66024,1.77095770835876
941,6,97,1573748605.89725,1573748607.68201,1.78476691246033
942,9,96,1573748606.05284,1573748607.85246,1.79962682723999
943,9,97,1573748606.95702,1573748608.73016,1.7731466293335
944,0,83,1573748608.40206,1573748610.22129,1.81923794746399
945,1,86,1573748608.78729,1573748610.65583,1.86853575706482
946,1,87,1573748609.00531,1573748610.88567,1.88035702705383
947,2,95,1573748609.16579,1573748611.02969,1.86389994621277
948,9,98,1573748609.59246,1573748611.4546,1.86213779449463
949,6,98,1573748610.40063,1573748612.23164,1.83100509643555
950,1,88,1573748612.97273,1573748614.77901,1.80627179145813
951,0,84,1573748613.27246,1573748615.09671,1.82424998283386
952,6,99,1573748613.48212,1573748615.30262,1.82049250602722
953,7,90,1573748613.97974,1573748615.77501,1.79527068138123
954,7,91,1573748615.60045,1573748617.39763,1.79717755317688
955,0,85,1573748615.8482,1573748617.64625,1.79804873466492
956,1,89,1573748616.46088,1573748618.25403,1.79315495491028
957,2,96,1573748616.92656,1573748618.73908,1.81252241134644
958,7,92,1573748618.68731,1573748620.44792,1.76061081886292
959,0,86,1573748618.95284,1573748620.73786,1.78502297401428
960,7,93,1573748622.07814,1573748623.86498,1.78684234619141
961,0,87,1573748624.94498,1573748626.74119,1.79620862007141
962,2,97,1573748627.40935,1573748629.17527,1.76591753959656
963,1,90,1573748628.44707,1573748630.27742,1.83034420013428
964,7,94,1573748628.93548,1573748630.75838,1.82290005683899
965,2,98,1573748629.59701,1573748631.42982,1.83280777931213
966,9,99,1573748629.66978,1573748631.50367,1.83388948440552
967,0,88,1573748631.18542,1573748633.04378,1.85835838317871
968,0,89,1573748632.07726,1573748633.91125,1.83398675918579
969,0,90,1573748632.41407,1573748634.2408,1.82672095298767
970,2,99,1573748632.95681,1573748634.7647,1.80789470672607
971,1,91,1573748636.06497,1573748637.85521,1.79023933410645
972,7,95,1573748637.38977,1573748639.16863,1.77886319160461
973,7,96,1573748638.66134,1573748640.47396,1.81262040138245
974,1,92,1573748639.21437,1573748641.0065,1.79212808609009
975,1,93,1573748639.8636,1573748641.67651,1.81290435791016
976,0,91,1573748640.56769,1573748642.38356,1.81586527824402
977,1,94,1573748641.60001,1573748643.42548,1.82546973228455
978,0,92,1573748641.69262,1573748643.50739,1.81477332115173
979,1,95,1573748642.23078,1573748644.02772,1.79694199562073
980,1,96,1573748643.3641,1573748645.13554,1.77143836021423
981,7,97,1573748645.29598,1573748647.07665,1.78066301345825
982,0,93,1573748646.79075,1573748648.59198,1.80123543739319
983,1,97,1573748647.57339,1573748649.37567,1.80227088928223
984,1,98,1573748651.10425,1573748652.91557,1.81132054328918
985,7,98,1573748651.99288,1573748653.84591,1.85303020477295
986,1,99,1573748652.29894,1573748654.0997,1.80076098442078
987,7,99,1573748653.27168,1573748655.05248,1.78079628944397
988,0,94,1573748657.02462,1573748658.7821,1.75747871398926
989,0,95,1573748661.45347,1573748663.2482,1.79473209381104
990,0,96,1573748665.45022,1573748667.22562,1.77539920806885
991,0,97,1573748665.77666,1573748667.57367,1.79700779914856
992,0,98,1573748668.82868,1573748670.63379,1.80510783195496
993,0,99,1573748683.6054,1573748685.41365,1.80824279785156
