id,client_id,job_id,arrival_time,end_time,job_time,queue_time,total_time
1,2,0,1573783023.53963,1573783025.59687,2.00718760490417,0.0500521659851074,2.05723977088928
2,3,0,1573783023.62707,1573783025.65427,2.02392268180847,0.00326776504516602,2.02719044685364
3,0,0,1573783023.87345,1573783025.90248,2.02551889419556,0.00351381301879883,2.02903270721436
4,0,1,1573783024.31231,1573783026.36066,2.04514026641846,0.00321412086486816,2.04835438728333
5,6,0,1573783024.5119,1573783026.58558,2.06970691680908,0.00397157669067383,2.07367849349976
6,6,1,1573783024.73503,1573783026.79767,2.05846071243286,0.00418329238891602,2.06264400482178
7,6,2,1573783025.45769,1573783027.47134,2.00992894172668,0.00372529029846191,2.01365423202515
8,3,1,1573783025.95392,1573783027.82479,1.86774039268494,0.00312590599060059,1.87086629867554
9,6,3,1573783026.14086,1573783028.00953,1.86587023735046,0.00279450416564941,1.86866474151611
10,8,0,1573783026.6419,1573783028.48201,1.83693170547485,0.00317955017089844,1.84011125564575
11,4,0,1573783028.13581,1573783029.95358,1.81502628326416,0.00273942947387695,1.81776571273804
12,7,0,1573783028.9572,1573783030.85017,1.89026355743408,0.00270938873291016,1.89297294616699
13,3,2,1573783029.02519,1573783031.05064,2.01847505569458,0.00697755813598633,2.02545261383057
14,7,1,1573783029.54256,1573783031.50055,1.9550998210907,0.00289011001586914,1.95798993110657
15,3,3,1573783029.65063,1573783031.60714,1.95347452163696,0.0030357837677002,1.95651030540466
16,8,1,1573783030.02274,1573783031.98222,1.95622611045837,0.00325942039489746,1.95948553085327
17,4,1,1573783030.05532,1573783032.02541,1.96715044975281,0.00294613838195801,1.97009658813477
18,4,2,1573783030.09664,1573783032.10071,2.00138187408447,0.00269126892089844,2.00407314300537
19,5,0,1573783031.18303,1573783033.11204,1.9253511428833,0.0036616325378418,1.92901277542114
20,4,3,1573783031.20063,1573783033.13461,1.93109226226807,0.00288891792297363,1.93398118019104
21,7,2,1573783031.26555,1573783033.19076,1.92241406440735,0.00279569625854492,1.92520976066589
22,5,1,1573783032.08468,1573783033.98623,1.89845895767212,0.00309109687805176,1.90155005455017
23,2,1,1573783032.23977,1573783034.11147,1.86860585212708,0.00309872627258301,1.87170457839966
24,0,2,1573783033.16982,1573783035.10065,1.92825889587402,0.00257229804992676,1.93083119392395
25,2,2,1573783033.61105,1573783035.56892,1.95475769042969,0.00311589241027832,1.95787358283997
26,2,3,1573783033.66554,1573783035.64275,1.97408080101013,0.0031280517578125,1.97720885276794
27,6,4,1573783033.7439,1573783035.70172,1.95454382896423,0.00327372550964355,1.95781755447388
28,0,3,1573783034.1057,1573783036.10465,1.99579215049744,0.00314974784851074,1.99894189834595
29,6,5,1573783034.52962,1573783036.61158,2.07939910888672,0.00256085395812988,2.08195996284485
30,3,4,1573783034.77411,1573783036.82316,2.04619479179382,0.00285673141479492,2.04905152320862
31,1,0,1573783034.89885,1573783036.92209,2.0207257270813,0.00251674652099609,2.02324247360229
32,5,2,1573783035.02039,1573783037.14151,2.0295581817627,0.0915622711181641,2.12112045288086
33,9,0,1573783035.09208,1573783037.63331,2.05186223983765,0.489364385604858,2.5412266254425
34,4,4,1573783035.15427,1573783037.65121,1.99456858634949,0.502367734909058,2.49693632125854
35,9,1,1573783035.39345,1573783037.714,2.00068187713623,0.319867372512817,2.32054924964905
36,6,6,1573783035.57649,1573783038.09057,1.97532510757446,0.538755416870117,2.51408052444458
37,5,3,1573783036.01937,1573783038.54494,1.92160844802856,0.603957414627075,2.52556586265564
38,2,4,1573783037.95629,1573783039.84797,1.88877248764038,0.00291228294372559,1.89168477058411
39,1,1,1573783038.27344,1573783040.23425,1.95792698860168,0.0028846263885498,1.96081161499023
40,5,4,1573783038.28159,1573783040.2517,1.96700859069824,0.00310158729553223,1.97011017799377
41,4,5,1573783038.33504,1573783040.31781,1.97932028770447,0.00344252586364746,1.98276281356812
42,8,2,1573783039.01187,1573783041.02672,2.0121591091156,0.0026850700378418,2.01484417915344
43,6,7,1573783039.0479,1573783041.06802,2.01716756820679,0.00294733047485352,2.02011489868164
44,7,3,1573783039.07614,1573783041.08794,2.00923466682434,0.00256705284118652,2.01180171966553
45,4,6,1573783039.58151,1573783041.62269,2.03881168365479,0.00237202644348145,2.04118371009827
46,1,2,1573783039.69238,1573783041.92536,2.06697344779968,0.166001319885254,2.23297476768494
47,5,5,1573783039.71447,1573783042.27242,2.02725100517273,0.530692338943481,2.55794334411621
48,2,5,1573783040.01506,1573783042.29246,2.02966594696045,0.24772834777832,2.27739429473877
49,9,2,1573783040.06186,1573783042.36145,2.03280282020569,0.266782283782959,2.29958510398865
50,3,5,1573783040.44877,1573783043.08042,2.04163956642151,0.590012073516846,2.63165163993835
51,3,6,1573783040.82605,1573783043.11438,2.03574013710022,0.252588748931885,2.2883288860321
52,6,8,1573783041.85387,1573783043.79771,1.94109225273132,0.00275039672851562,1.94384264945984
53,7,4,1573783042.26481,1573783044.23963,1.97197222709656,0.00285220146179199,1.97482442855835
54,2,6,1573783042.30268,1573783044.28089,1.9757354259491,0.0024714469909668,1.97820687294006
55,4,7,1573783042.65902,1573783044.61608,1.9538311958313,0.00322675704956055,1.95705795288086
56,3,7,1573783042.78619,1573783044.73724,1.94805860519409,0.00298953056335449,1.95104813575745
57,4,8,1573783042.89372,1573783044.85374,1.95730876922607,0.00271391868591309,1.96002268791199
58,8,3,1573783043.26095,1573783045.16264,1.89831042289734,0.00338101387023926,1.90169143676758
59,9,3,1573783044.26051,1573783046.14924,1.88520693778992,0.00352597236633301,1.88873291015625
60,9,4,1573783044.72404,1573783046.61338,1.88607549667358,0.003265380859375,1.88934087753296
61,4,9,1573783045.04789,1573783046.9624,1.91171813011169,0.00279593467712402,1.91451406478882
62,7,5,1573783045.3699,1573783047.27619,1.90315127372742,0.00314044952392578,1.90629172325134
63,3,8,1573783045.76713,1573783047.67528,1.90509009361267,0.00305390357971191,1.90814399719238
64,6,9,1573783046.09647,1573783048.04047,1.94003319740295,0.00395870208740234,1.94399189949036
65,1,3,1573783046.58884,1573783048.56785,1.97597122192383,0.00304222106933594,1.97901344299316
66,4,10,1573783046.99408,1573783048.99836,2.00120949745178,0.00306582450866699,2.00427532196045
67,0,4,1573783047.11589,1573783049.14471,2.02585458755493,0.00297212600708008,2.02882671356201
68,3,9,1573783047.57955,1573783049.58288,2.00028538703918,0.00304079055786133,2.00332617759705
69,1,4,1573783047.62582,1573783049.67373,2.04497623443604,0.00293874740600586,2.04791498184204
70,6,10,1573783047.75905,1573783049.79079,2.02915859222412,0.00258445739746094,2.03174304962158
71,4,11,1573783047.88524,1573783049.94304,2.05537748336792,0.00242042541503906,2.05779790878296
72,9,5,1573783047.94053,1573783050.05034,1.99955892562866,0.11025595664978,2.10981488227844
73,8,4,1573783048.11081,1573783050.60782,2.02832698822021,0.468682527542114,2.49700951576233
74,3,10,1573783048.45593,1573783051.007,1.99821400642395,0.55285382270813,2.55106782913208
75,1,5,1573783048.65739,1573783051.14474,1.98877120018005,0.498573780059814,2.48734498023987
76,3,11,1573783048.70519,1573783051.57725,1.98286318778992,0.889200210571289,2.87206339836121
77,0,5,1573783049.03719,1573783051.65514,1.96886467933655,0.64908242225647,2.61794710159302
78,9,6,1573783050.21346,1573783052.17069,1.95400547981262,0.0032193660736084,1.95722484588623
79,1,6,1573783050.89494,1573783052.91883,2.02120089530945,0.00268840789794922,2.0238893032074
80,6,11,1573783050.91534,1573783052.9395,2.02176284790039,0.00240015983581543,2.02416300773621
81,9,7,1573783050.95473,1573783052.98514,2.02794146537781,0.00246143341064453,2.03040289878845
82,0,6,1573783051.18853,1573783053.20236,2.01107263565063,0.00275516510009766,2.01382780075073
83,2,7,1573783051.58449,1573783053.61685,2.02977776527405,0.00258493423461914,2.03236269950867
84,3,12,1573783051.71893,1573783053.72035,1.99923229217529,0.00219130516052246,2.00142359733582
85,3,13,1573783051.75212,1573783053.7798,2.02506613731384,0.00260663032531738,2.02767276763916
86,1,7,1573783051.99528,1573783054.17802,1.99656248092651,0.186175107955933,2.18273758888245
87,0,7,1573783052.35003,1573783054.89742,1.96762132644653,0.579768419265747,2.54738974571228
88,5,6,1573783053.18933,1573783055.16432,1.97203588485718,0.00295567512512207,1.9749915599823
89,7,6,1573783053.41589,1573783055.35591,1.93722891807556,0.00278806686401367,1.94001698493958
90,9,8,1573783053.43257,1573783055.41442,1.97886157035828,0.00298571586608887,1.98184728622437
91,7,7,1573783053.95394,1573783055.89949,1.94248723983765,0.00306510925292969,1.94555234909058
92,8,5,1573783054.69423,1573783056.61949,1.92229771614075,0.00296235084533691,1.92526006698608
93,5,7,1573783054.71633,1573783056.65479,1.935551404953,0.00290608406066895,1.93845748901367
94,0,8,1573783054.90362,1573783056.82665,1.92040991783142,0.00261235237121582,1.92302227020264
95,5,8,1573783055.51856,1573783057.49123,1.96993851661682,0.00273036956787109,1.97266888618469
96,0,9,1573783056.23682,1573783058.21457,1.97473978996277,0.00300860404968262,1.97774839401245
97,2,8,1573783056.82977,1573783058.84285,2.00994992256165,0.00312638282775879,2.0130763053894
98,7,8,1573783056.9382,1573783058.9519,2.01084303855896,0.00285863876342773,2.01370167732239
99,2,9,1573783056.94789,1573783059.00718,2.0556149482727,0.00367331504821777,2.05928826332092
100,3,14,1573783057.01027,1573783059.02158,2.00822114944458,0.00308847427368164,2.01130962371826
101,4,12,1573783057.07629,1573783059.10347,2.02444934844971,0.00272417068481445,2.02717351913452
102,3,15,1573783057.24094,1573783059.28935,2.04601240158081,0.00239896774291992,2.04841136932373
103,3,16,1573783057.65556,1573783059.64717,1.98905277252197,0.00254964828491211,1.99160242080688
104,9,9,1573783058.1154,1573783060.23063,2.00523376464844,0.109997272491455,2.11523103713989
105,5,9,1573783058.58059,1573783060.74667,1.89011716842651,0.275964498519897,2.16608166694641
106,4,13,1573783059.73407,1573783061.63879,1.90170192718506,0.00301861763000488,1.90472054481506
107,3,17,1573783059.97193,1573783061.90721,1.93250060081482,0.00278115272521973,1.93528175354004
108,5,10,1573783060.05733,1573783061.95216,1.89182376861572,0.00300431251525879,1.89482808113098
109,8,6,1573783060.40357,1573783062.32971,1.92294025421143,0.0032041072845459,1.92614436149597
110,9,10,1573783061.39011,1573783063.40161,2.00832724571228,0.00317001342773437,2.01149725914001
111,4,14,1573783061.69428,1573783063.70222,2.0050323009491,0.00290513038635254,2.00793743133545
112,0,10,1573783061.84702,1573783063.84664,1.99671030044556,0.0029144287109375,1.99962472915649
113,8,7,1573783062.02432,1573783064.01531,1.98792266845703,0.00306510925292969,1.99098777770996
114,7,9,1573783062.09655,1573783064.15292,2.05331373214722,0.00305795669555664,2.05637168884277
115,9,11,1573783062.26196,1573783064.41123,2.14627242088318,0.0029909610748291,2.14926338195801
116,5,11,1573783062.4554,1573783064.50655,2.04827451705933,0.00287270545959473,2.05114722251892
117,8,8,1573783062.60318,1573783064.67564,2.06986260414124,0.00260210037231445,2.07246470451355
118,1,8,1573783062.66307,1573783065.47365,2.05979514122009,0.750790357589722,2.81058549880981
119,1,9,1573783062.93497,1573783065.84921,2.1354546546936,0.778780221939087,2.91423487663269
120,3,18,1573783063.40029,1573783065.87714,2.01888251304626,0.457968950271606,2.47685146331787
121,9,12,1573783063.51015,1573783066.09296,2.06686568260193,0.515947103500366,2.58281278610229
122,9,13,1573783063.80403,1573783066.20508,2.04131937026978,0.359731197357178,2.40105056762695
123,0,11,1573783063.82037,1573783066.49207,2.06871771812439,0.602983713150024,2.67170143127441
124,4,15,1573783064.0574,1573783066.54834,2.03148365020752,0.459452867507935,2.49093651771545
125,9,14,1573783064.31467,1573783066.79509,2.10878205299377,0.371643543243408,2.48042559623718
126,2,10,1573783064.45336,1573783067.52637,2.03966760635376,1.03334164619446,3.07300925254822
127,8,9,1573783064.70829,1573783067.93726,2.07447052001953,1.15450644493103,3.22897696495056
128,4,16,1573783064.91488,1573783067.95234,2.06192326545715,0.975527763366699,3.03745102882385
129,3,19,1573783064.99819,1573783068.15832,2.05428647994995,1.10583806037903,3.16012454032898
130,4,17,1573783065.11819,1573783068.27149,2.05494475364685,1.09834909439087,3.15329384803772
131,8,10,1573783065.30028,1573783068.55763,2.05417895317078,1.20317077636719,3.25734972953796
132,7,10,1573783065.63651,1573783068.614,2.05409979820251,0.923386812210083,2.9774866104126
133,1,10,1573783065.63792,1573783068.90349,2.09632730484009,1.16924834251404,3.26557564735413
134,3,20,1573783066.02212,1573783069.67047,2.133296251297,1.51505136489868,3.64834761619568
135,5,12,1573783066.02817,1573783069.96881,2.020667552948,1.91996216773987,3.94062972068787
136,1,11,1573783066.55998,1573783070.00281,2.03948760032654,1.40335083007813,3.44283843040466
137,2,11,1573783066.70188,1573783070.23113,2.06162548065186,1.46762275695801,3.52924823760986
138,9,15,1573783066.80738,1573783070.34516,2.0616672039032,1.47611689567566,3.53778409957886
139,9,16,1573783066.99747,1573783070.60411,2.03282713890076,1.57380604743958,3.60663318634033
140,6,12,1573783067.03596,1573783070.67333,2.04806423187256,1.58930158615112,3.63736581802368
141,6,13,1573783067.19289,1573783070.97062,2.05630421638489,1.7214241027832,3.77772831916809
142,4,18,1573783067.55123,1573783071.79975,2.11830425262451,2.1302125453949,4.24851679801941
143,0,12,1573783067.67144,1573783072.00401,2.02266573905945,2.30990600585937,4.33257174491882
144,0,13,1573783067.78541,1573783072.07394,2.05886912345886,2.22965526580811,4.28852438926697
145,5,13,1573783067.80047,1573783072.2551,2.01294302940369,2.44168567657471,4.45462870597839
146,6,14,1573783067.98419,1573783072.40246,2.04512357711792,2.37315130233765,4.41827487945557
147,7,11,1573783068.29257,1573783072.66733,2.05260848999023,2.32215213775635,4.37476062774658
148,6,15,1573783068.34141,1573783072.70875,2.0247540473938,2.3425772190094,4.3673312664032
149,4,19,1573783068.41215,1573783073.03085,2.04946136474609,2.56924200057983,4.61870336532593
150,7,12,1573783068.53651,1573783073.97766,2.16711330413818,3.27403974533081,5.44115304946899
151,6,16,1573783070.13242,1573783074.13016,2.0442225933075,1.95351457595825,3.99773716926575
152,4,20,1573783069.69997,1573783074.18129,2.16648006439209,2.31483936309814,4.48131942749023
153,4,21,1573783070.1465,1573783074.30489,2.03823518753052,2.12014842033386,4.15838360786438
154,0,14,1573783070.28136,1573783074.433,2.01977229118347,2.13187026977539,4.15164256095886
155,7,13,1573783070.39807,1573783074.71777,2.0372896194458,2.2824079990387,4.3196976184845
156,3,21,1573783070.39678,1573783074.78989,2.06905078887939,2.32405400276184,4.39310479164124
157,1,12,1573783070.82113,1573783075.12288,2.07972502708435,2.22203040122986,4.30175542831421
158,8,11,1573783071.27621,1573783076.01576,2.02504515647888,2.71450567245483,4.73955082893372
159,5,14,1573783071.56227,1573783076.17687,2.03336524963379,2.58123373985291,4.61459898948669
160,5,15,1573783072.33515,1573783076.21058,2.01764726638794,1.85778284072876,3.8754301071167
161,3,22,1573783072.51635,1573783076.33057,2.01468849182129,1.79953002929688,3.81421852111816
162,3,23,1573783072.62756,1573783076.46704,2.02308106422424,1.81639885902405,3.83947992324829
163,8,12,1573783072.68561,1573783076.74435,2.01481628417969,2.04392147064209,4.05873775482178
164,2,12,1573783072.90527,1573783076.89602,2.09521126747131,1.89553427696228,3.99074554443359
165,2,13,1573783072.94021,1573783077.19203,2.0579617023468,2.19385552406311,4.25181722640991
166,5,16,1573783073.1111,1573783078.06086,2.03394913673401,2.91580486297607,4.94975399971008
167,3,24,1573783073.57817,1573783078.26129,2.07401514053345,2.60910296440125,4.68311810493469
168,3,24,1573783073.57817,1573783078.26129,2.07401514053345,2.60910296440125,4.68311810493469
169,5,18,1573783074.45566,1573783078.37991,2.03892660140991,1.88532114028931,3.92424774169922
170,4,22,1573783074.69544,1573783078.48721,2.00884318351746,1.78292107582092,3.79176425933838
171,0,15,1573783075.15776,1573783078.77219,2.01721739768982,1.59721398353577,3.61443138122559
172,6,17,1573783075.61097,1573783078.95219,2.04553031921387,1.29569220542908,3.34122252464294
173,5,19,1573783075.6122,1573783079.22501,2.02227282524109,1.59053230285645,3.61280512809753
174,6,18,1573783076.19272,1573783080.10538,2.0325710773468,1.88007974624634,3.91265082359314
175,3,26,1573783076.7914,1573783080.32367,2.04156827926636,1.49070429801941,3.53227257728577
176,1,13,1573783076.85316,1573783080.38612,1.9956488609314,1.53730177879334,3.53295063972473
177,3,25,1573783076.23079,1573783080.40549,2.13342428207397,2.0412712097168,4.17469549179077
178,3,27,1573783077.37189,1573783080.50371,2.00576877593994,1.1260552406311,3.13182401657104
179,9,17,1573783078.04027,1573783080.83864,2.05525517463684,0.743117332458496,2.79837250709534
180,2,14,1573783078.5256,1573783080.92036,1.95543456077576,0.439326763153076,2.39476132392883
181,7,14,1573783080.00221,1573783081.88971,1.88460803031921,0.00289058685302734,1.88749861717224
182,8,13,1573783081.2598,1573783083.1885,1.92626333236694,0.0024409294128418,1.92870426177979
183,5,20,1573783081.3699,1573783083.33181,1.95903420448303,0.00287628173828125,1.96191048622131
184,2,15,1573783081.60024,1573783083.56537,1.96214270591736,0.0029902458190918,1.96513295173645
185,0,16,1573783081.81648,1573783083.79054,1.9709312915802,0.00312590599060059,1.9740571975708
186,8,14,1573783082.08936,1573783084.09299,2.00076842308044,0.00286126136779785,2.00362968444824
187,8,14,1573783082.08936,1573783084.09299,2.00076842308044,0.00286126136779785,2.00362968444824
188,8,15,1573783082.51865,1573783084.58777,2.06600666046143,0.00310850143432617,2.06911516189575
189,0,17,1573783082.57812,1573783084.67745,2.09711122512817,0.00222086906433105,2.0993320941925
190,2,16,1573783083.0194,1573783085.29767,2.09604835510254,0.182221412658691,2.27826976776123
191,0,18,1573783083.077,1573783085.39465,2.04950714111328,0.26814603805542,2.3176531791687
192,6,20,1573783083.08013,1573783085.61155,2.03502321243286,0.496402978897095,2.53142619132996
193,4,23,1573783083.2372,1573783085.85012,2.04863381385803,0.564292669296265,2.6129264831543
194,1,14,1573783083.43006,1573783086.17289,2.05978560447693,0.683040380477905,2.74282598495483
195,1,14,1573783083.43006,1573783086.17289,2.05978560447693,0.683040380477905,2.74282598495483
196,5,21,1573783083.84754,1573783086.63097,2.0310640335083,0.752362728118897,2.7834267616272
197,0,19,1573783083.88614,1573783086.75008,2.0613112449646,0.802634954452515,2.86394619941711
198,9,18,1573783083.95109,1573783087.34411,2.03497409820557,1.35804486274719,3.39301896095276
199,5,22,1573783084.44719,1573783087.46074,2.0558078289032,0.957742691040039,3.01355051994324
200,6,21,1573783084.59433,1573783087.63847,2.01618123054504,1.02796077728271,3.04414200782776
201,3,29,1573783084.76508,1573783087.87811,2.01751899719238,1.09551429748535,3.11303329467773
202,9,19,1573783085.04154,1573783088.25064,2.05716633796692,1.15192890167236,3.20909523963928
203,4,24,1573783085.02413,1573783088.27947,2.09647464752197,1.15885996818542,3.2553346157074
204,5,23,1573783085.15313,1573783088.7045,2.0633442401886,1.48802709579468,3.55137133598328
205,1,15,1573783085.31232,1573783088.80462,2.04404902458191,1.4482524394989,3.49230146408081
206,7,15,1573783085.33611,1573783089.42615,2.07163143157959,2.01841020584106,4.09004163742065
207,6,22,1573783085.57009,1573783089.5411,2.06899952888489,1.9020094871521,3.97100901603699
208,3,30,1573783085.67914,1573783089.73685,2.08793759346008,1.96977233886719,4.05770993232727
209,2,17,1573783085.78844,1573783089.97371,2.0848662853241,2.10040259361267,4.18526887893677
210,3,31,1573783086.40108,1573783090.34838,2.08713316917419,1.86016201972961,3.94729518890381
211,0,20,1573783086.5692,1573783090.43571,2.1450355052948,1.72147822380066,3.86651372909546
212,6,23,1573783086.94791,1573783090.86848,2.15207409858704,1.76850342750549,3.92057752609253
213,6,24,1573783086.97787,1573783091.0642,2.24833393096924,1.83800363540649,4.08633756637573
214,8,16,1573783087.3667,1573783091.62247,2.18419528007507,2.07157850265503,4.2557737827301
215,2,18,1573783087.55602,1573783091.65798,2.10556745529175,1.99639368057251,4.10196113586426
216,7,16,1573783088.95828,1573783091.95346,2.20357847213745,0.791601657867432,2.99518013000488
217,8,17,1573783089.30463,1573783092.10554,2.11901164054871,0.681892156600952,2.80090379714966
218,3,32,1573783089.30596,1573783092.52086,2.15983176231384,1.05506300926209,3.21489477157593
219,7,17,1573783089.74651,1573783092.62522,2.17595076560974,0.702754735946655,2.8787055015564
220,7,18,1573783090.09893,1573783092.94519,2.06588888168335,0.780368804931641,2.84625768661499
221,2,19,1573783090.23618,1573783093.13447,2.05876302719116,0.839519023895264,2.89828205108643
222,3,33,1573783090.41145,1573783093.68655,2.05120754241943,1.22389841079712,3.27510595321655
223,8,18,1573783091.14968,1573783093.76786,2.09813380241394,0.520041704177856,2.6181755065918
224,6,25,1573783091.29152,1573783094.16421,2.18710851669312,0.685586214065552,2.87269473075867
225,9,20,1573783091.75537,1573783094.23094,2.11413240432739,0.361434459686279,2.47556686401367
226,5,24,1573783091.84925,1573783094.78754,2.25491118431091,0.683369636535645,2.93828082084656
227,2,20,1573783091.95158,1573783094.83448,2.19844913482666,0.684450149536133,2.88289928436279
228,0,21,1573783092.08077,1573783095.07778,2.12013101577759,0.876884937286377,2.99701595306396
229,3,34,1573783092.48625,1573783095.36996,2.22474503517151,0.658971786499023,2.88371682167053
230,7,19,1573783092.57527,1573783096.05558,2.35599231719971,1.1243097782135,3.48030209541321
231,4,25,1573783093.08735,1573783096.09978,2.31592750549316,0.696503162384033,3.0124306678772
232,8,19,1573783093.23045,1573783096.39827,2.22199034690857,0.945826053619385,3.16781640052795
233,3,35,1573783093.31429,1573783096.50963,2.26526594161987,0.930065631866455,3.19533157348633
234,7,20,1573783093.39354,1573783097.07797,2.27653074264526,1.40790295600891,3.68443369865417
235,5,25,1573783093.618,1573783097.15287,2.3071596622467,1.22771048545837,3.53487014770508
236,9,21,1573783093.73443,1573783097.38836,2.29929041862488,1.35463881492615,3.65392923355103
237,8,20,1573783094.22336,1573783097.58994,2.20375418663025,1.16282296180725,3.3665771484375
238,8,21,1573783094.38807,1573783098.12545,2.05836796760559,1.6790075302124,3.73737549781799
239,2,21,1573783094.41284,1573783098.24157,2.12949728965759,1.69923734664917,3.82873463630676
240,7,21,1573783094.59259,1573783098.53485,2.11530995368958,1.82695317268372,3.94226312637329
241,4,26,1573783094.63264,1573783098.61454,2.09316992759705,1.88872861862183,3.98189854621887
242,2,22,1573783094.67419,1573783099.2098,2.12096190452576,2.41465282440186,4.53561472892761
243,9,22,1573783095.18317,1573783099.27034,2.10284686088562,1.98432803153992,4.08717489242554
244,7,22,1573783095.21316,1573783099.50078,2.10111021995544,2.18651533126831,4.28762555122376
245,7,23,1573783095.25598,1573783099.68303,2.08095955848694,2.34608507156372,4.42704463005066
246,2,23,1573783095.59753,1573783100.32991,2.19290637969971,2.53947186470032,4.73237824440002
247,9,23,1573783095.74935,1573783100.37998,2.1270227432251,2.50360751152039,4.63063025474548
248,3,36,1573783096.38817,1573783100.671,2.12529754638672,2.15753984451294,4.28283739089966
249,9,24,1573783097.83108,1573783100.80908,2.1829240322113,0.795073509216309,2.97799754142761
250,9,25,1573783098.23199,1573783101.40477,2.18360924720764,0.989167213439941,3.17277646064758
251,6,26,1573783098.31875,1573783101.51122,2.22750067710876,0.964969635009766,3.19247031211853
252,6,27,1573783098.68318,1573783101.79334,2.27995038032532,0.830213069915772,3.11016345024109
253,1,16,1573783098.82338,1573783101.84684,2.15148568153381,0.87197470664978,3.02346038818359
254,3,37,1573783099.55972,1573783102.53229,2.19030427932739,0.782263278961182,2.97256755828857
255,3,37,1573783099.55972,1573783102.53229,2.19030427932739,0.782263278961182,2.97256755828857
256,1,17,1573783100.21067,1573783102.76828,2.08603954315186,0.471562147140503,2.55760169029236
257,4,27,1573783100.33589,1573783102.88895,2.06821179389954,0.484845638275147,2.55305743217468
258,8,22,1573783100.37534,1573783103.46282,2.04554414749145,1.04193544387817,3.08747959136963
259,2,24,1573783100.47984,1573783103.62477,2.10136318206787,1.04356551170349,3.14492869377136
260,9,26,1573783100.90457,1573783103.88636,2.08188390731812,0.899907827377319,2.98179173469543
261,0,22,1573783101.1566,1573783103.93013,2.06840538978577,0.705130577087402,2.77353596687317
262,6,28,1573783101.64073,1573783104.58561,2.04336333274841,0.901523590087891,2.9448869228363
263,3,38,1573783101.91156,1573783104.59205,2.03767156600952,0.64281439781189,2.68048596382141
264,3,38,1573783101.91156,1573783104.59205,2.03767156600952,0.64281439781189,2.68048596382141
265,5,27,1573783102.14279,1573783104.83068,2.05052399635315,0.63735818862915,2.6878821849823
266,7,24,1573783102.45588,1573783104.91375,2.01401376724243,0.443861722946167,2.4578754901886
267,5,28,1573783102.49906,1573783105.49322,2.01949238777161,0.974665403366089,2.9941577911377
268,0,23,1573783102.60439,1573783105.66263,2.02735590934753,1.03088331222534,3.05823922157288
269,3,39,1573783102.77578,1573783105.90875,2.00984263420105,1.12312602996826,3.13296866416931
270,0,24,1573783102.90561,1573783105.95694,2.01437306404114,1.03695034980774,3.05132341384888
271,9,27,1573783103.05365,1573783106.51264,1.91514348983765,1.54383707046509,3.45898056030273
272,8,23,1573783103.92031,1573783106.54427,1.93060755729675,0.693352937698364,2.62396049499512
273,7,25,1573783105.19515,1573783107.10457,1.90664076805115,0.00278115272521973,1.90942192077637
274,1,18,1573783105.96085,1573783107.80314,1.83868288993835,0.00360894203186035,1.84229183197021
275,1,19,1573783106.88148,1573783108.77287,1.88838052749634,0.00300955772399902,1.89139008522034
276,6,29,1573783107.03555,1573783108.93926,1.90091276168823,0.00279712677001953,1.90370988845825
277,9,28,1573783107.7356,1573783109.71218,1.97339868545532,0.00318670272827148,1.97658538818359
278,7,26,1573783107.88865,1573783109.88037,1.98896813392639,0.00275301933288574,1.99172115325928
279,6,30,1573783108.19808,1573783110.21594,2.01495671272278,0.00290322303771973,2.0178599357605
280,9,29,1573783108.43842,1573783110.48645,2.04422378540039,0.00380945205688477,2.04803323745728
281,4,28,1573783108.59696,1573783110.63359,2.03362584114075,0.00300359725952148,2.03662943840027
282,9,30,1573783108.66512,1573783110.71398,2.04618358612061,0.00267934799194336,2.04886293411255
283,2,25,1573783108.94042,1573783110.95956,2.01598024368286,0.00316119194030762,2.01914143562317
284,1,20,1573783109.118,1573783111.19793,2.07748460769653,0.00244402885437012,2.0799286365509
285,8,24,1573783109.13962,1573783111.73801,2.01502728462219,0.583364248275757,2.59839153289795
286,4,29,1573783109.45079,1573783111.92424,2.03243684768677,0.441013336181641,2.47345018386841
287,0,25,1573783109.64175,1573783112.22607,1.9971559047699,0.587166786193848,2.58432269096375
288,1,21,1573783110.28294,1573783112.47671,1.97833514213562,0.215438365936279,2.1937735080719
289,2,26,1573783110.40728,1573783112.61717,1.95767879486084,0.25220799446106,2.2098867893219
290,0,26,1573783110.62477,1573783112.72573,2.00027871131897,0.100683927536011,2.10096263885498
291,0,27,1573783110.89005,1573783112.92192,1.95185256004334,0.0800185203552246,2.03187108039856
292,5,29,1573783112.39342,1573783114.38108,1.98477435112,0.00288844108581543,1.98766279220581
293,2,27,1573783112.52383,1573783114.55363,2.02687740325928,0.00291991233825684,2.02979731559753
294,9,31,1573783112.64818,1573783114.62658,1.97594690322876,0.00245070457458496,1.97839760780334
295,0,28,1573783112.79621,1573783114.76103,1.96206521987915,0.00274944305419922,1.96481466293335
296,9,32,1573783112.68163,1573783114.78469,2.09970211982727,0.00335335731506348,2.10305547714233
297,5,30,1573783113.11598,1573783115.15823,2.03904843330383,0.00320076942443848,2.04224920272827
298,6,31,1573783113.71859,1573783115.77164,2.05025291442871,0.0027930736541748,2.05304598808289
299,0,29,1573783113.90085,1573783115.92605,2.0225715637207,0.00263214111328125,2.02520370483398
300,2,28,1573783114.09886,1573783116.40116,2.00929498672485,0.293010711669922,2.30230569839478
301,5,31,1573783114.55964,1573783116.60566,2.03896832466125,0.00705504417419434,2.04602336883545
302,1,22,1573783114.85093,1573783116.86478,2.01107454299927,0.00277495384216309,2.01384949684143
303,9,33,1573783114.9609,1573783117.0066,2.04317665100098,0.00252389907836914,2.04570055007935
304,7,27,1573783115.04919,1573783117.07129,2.01933407783508,0.00276875495910645,2.02210283279419
305,6,32,1573783115.27304,1573783117.27913,2.00336074829102,0.00273275375366211,2.00609350204468
306,4,30,1573783115.96189,1573783117.9623,1.99823355674744,0.00217151641845703,2.00040507316589
307,6,33,1573783116.3311,1573783118.38423,2.05035281181335,0.00277590751647949,2.05312871932983
308,5,32,1573783116.71798,1573783118.77997,2.0587637424469,0.00321674346923828,2.06198048591614
309,8,25,1573783116.75159,1573783118.79786,2.0436270236969,0.00263810157775879,2.04626512527466
310,6,34,1573783116.93137,1573783118.96578,2.03184628486633,0.00255393981933594,2.03440022468567
311,1,23,1573783117.00684,1573783119.08653,2.06667041778564,0.0130183696746826,2.07968878746033
312,5,33,1573783117.35903,1573783119.40079,2.03917956352234,0.0025792121887207,2.04175877571106
313,9,34,1573783117.47739,1573783119.57381,2.09357810020447,0.00284242630004883,2.09642052650452
314,3,40,1573783117.54686,1573783120.03332,2.06052184104919,0.425931692123413,2.48645353317261
315,6,35,1573783117.75246,1573783120.43867,2.04144692420959,0.644766092300415,2.68621301651001
316,7,28,1573783118.11524,1573783120.84036,2.04985022544861,0.675268888473511,2.72511911392212
317,6,36,1573783118.20996,1573783120.88707,2.07729387283325,0.599809169769287,2.67710304260254
318,9,35,1573783118.57825,1573783121.0118,2.03551411628723,0.398040533065796,2.43355464935303
319,0,30,1573783118.7074,1573783121.14587,2.04818654060364,0.390284538269043,2.43847107887268
320,3,41,1573783118.75033,1573783121.40074,1.98927021026611,0.661139488220215,2.65040969848633
321,0,31,1573783119.33541,1573783121.59826,2.01361989974976,0.249223709106445,2.2628436088562
322,4,31,1573783119.77321,1573783122.01305,1.96797394752502,0.271864891052246,2.23983883857727
323,7,29,1573783120.48814,1573783122.43837,1.94772791862488,0.00250077247619629,1.95022869110107
324,1,24,1573783121.40963,1573783123.36859,1.95606517791748,0.00288939476013184,1.95895457267761
325,7,30,1573783121.56723,1573783123.53683,1.96656894683838,0.0030217170715332,1.96959066390991
326,1,25,1573783122.07157,1573783124.0822,2.00751900672913,0.00310397148132324,2.01062297821045
327,9,36,1573783122.13284,1573783124.11461,1.97874569892883,0.00302934646606445,1.9817750453949
328,6,37,1573783122.27307,1573783124.33298,2.05619812011719,0.00371742248535156,2.05991554260254
329,3,42,1573783122.53707,1573783124.55071,2.01073551177979,0.00291037559509277,2.01364588737488
330,2,29,1573783122.65118,1573783124.67954,2.02556133270264,0.00279831886291504,2.02835965156555
331,3,43,1573783122.90341,1573783124.99968,2.09355330467224,0.00270938873291016,2.09626269340515
332,9,37,1573783122.99039,1573783125.42222,2.04135775566101,0.390472650527954,2.43183040618896
333,8,26,1573783123.01766,1573783125.58909,2.04149889945984,0.529929876327515,2.57142877578735
334,4,32,1573783123.02976,1573783126.10683,2.01416802406311,1.06290340423584,3.07707142829895
335,8,27,1573783123.30662,1573783126.19192,2.06431198120117,0.820980310440064,2.88529229164124
336,5,34,1573783123.33756,1573783126.4673,2.12301802635193,1.00672554969788,3.1297435760498
337,6,38,1573783124.18509,1573783126.61994,2.05842065811157,0.376430749893188,2.43485140800476
338,9,38,1573783124.18635,1573783126.71333,2.02264285087585,0.50434136390686,2.52698421478271
339,4,33,1573783124.22073,1573783127.11666,2.10545706748962,0.79047703742981,2.89593410491943
340,7,31,1573783124.49774,1573783127.45812,2.02459025382996,0.93578839302063,2.96037864685059
341,8,28,1573783124.87578,1573783127.61104,2.01150870323181,0.723746538162231,2.73525524139404
342,6,39,1573783125.15288,1573783128.10806,1.99034142494202,0.964831829071045,2.95517325401306
343,5,35,1573783125.21511,1573783128.17014,1.96729254722595,0.987732648849487,2.95502519607544
344,4,34,1573783126.59039,1573783128.54399,1.95068454742432,0.00291895866394043,1.95360350608826
345,5,36,1573783127.07545,1573783129.02937,1.95132827758789,0.00258755683898926,1.95391583442688
346,3,44,1573783127.62265,1573783129.66091,2.02800989151001,0.0102455615997314,2.03825545310974
347,8,29,1573783127.95237,1573783130.00229,2.04662823677063,0.00329208374023437,2.04992032051086
348,6,40,1573783128.08316,1573783130.10659,2.0208683013916,0.00256156921386719,2.02342987060547
349,9,39,1573783128.10392,1573783130.13345,2.02685189247131,0.00267219543457031,2.02952408790588
350,9,40,1573783128.36672,1573783130.3709,2.0010974407196,0.00308680534362793,2.00418424606323
351,6,41,1573783128.6834,1573783130.7199,2.03338551521301,0.00311565399169922,2.03650116920471
352,2,30,1573783129.04216,1573783131.10194,2.05796241760254,0.00181961059570313,2.05978202819824
353,4,35,1573783129.07263,1573783131.13685,2.06161880493164,0.00259518623352051,2.06421399116516
354,2,31,1573783129.11549,1573783131.73653,2.06387901306152,0.557163000106812,2.62104201316833
355,3,45,1573783129.20654,1573783132.03402,2.0199830532074,0.807496070861816,2.82747912406921
356,9,41,1573783129.74995,1573783132.15919,2.04094743728638,0.368297100067139,2.40924453735352
357,1,26,1573783130.21025,1573783132.26624,2.05366659164429,0.00232219696044922,2.05598878860474
358,6,42,1573783130.46626,1573783132.47944,2.01077747344971,0.00240516662597656,2.01318264007568
359,9,42,1573783130.80038,1573783132.84244,2.03940868377686,0.00265145301818848,2.04206013679504
360,0,32,1573783131.14317,1573783133.17687,2.03119373321533,0.00250649452209473,2.03370022773743
361,8,30,1573783131.6336,1573783133.65401,2.01796317100525,0.0024418830871582,2.02040505409241
362,2,32,1573783131.83401,1573783133.87709,2.03978157043457,0.00330257415771484,2.04308414459229
363,5,37,1573783132.0458,1573783134.1257,2.07741975784302,0.0024721622467041,2.07989192008972
364,3,46,1573783132.05323,1573783134.21841,2.04758381843567,0.117590188980103,2.16517400741577
365,7,32,1573783132.86321,1573783134.86745,2.00125575065613,0.00298380851745605,2.00423955917358
366,3,47,1573783132.92927,1573783135.00366,2.07188177108765,0.00250744819641113,2.07438921928406
367,2,33,1573783133.09497,1573783135.15353,2.05600094795227,0.00255441665649414,2.05855536460876
368,2,34,1573783133.52026,1573783135.54146,2.01879787445068,0.00240325927734375,2.02120113372803
369,8,31,1573783133.71004,1573783135.69314,1.9807493686676,0.00234556198120117,1.9830949306488
370,9,43,1573783133.81285,1573783135.85644,1.96818518638611,0.0754106044769287,2.04359579086304
371,1,27,1573783134.13009,1573783136.09559,1.95039439201355,0.0151064395904541,1.965500831604
372,0,33,1573783134.81711,1573783136.69729,1.87742924690247,0.00275540351867676,1.88018465042114
373,5,38,1573783135.85987,1573783137.77556,1.91257262229919,0.0031120777130127,1.91568470001221
374,2,35,1573783136.48284,1573783138.47633,1.99060034751892,0.00289154052734375,1.99349188804626
375,9,44,1573783136.72679,1573783138.7129,1.98336386680603,0.00275087356567383,1.9861147403717
376,5,39,1573783136.89705,1573783138.89578,1.99586462974548,0.00285983085632324,1.99872446060181
377,1,28,1573783137.12881,1573783139.16053,2.0286819934845,0.00303769111633301,2.03171968460083
378,8,32,1573783137.33616,1573783139.35913,2.01990413665771,0.00305652618408203,2.0229606628418
379,0,34,1573783137.36857,1573783139.37623,2.00473260879517,0.00292420387268066,2.00765681266785
380,9,45,1573783137.7031,1573783139.79609,2.09020447731018,0.00278973579406738,2.09299421310425
381,2,36,1573783138.06815,1573783140.1069,2.03591012954712,0.00283312797546387,2.03874325752258
382,9,46,1573783138.44729,1573783140.51384,2.02648758888245,0.0400636196136475,2.06655120849609
383,7,33,1573783138.44633,1573783140.71565,1.9907853603363,0.278539657592773,2.26932501792908
384,2,37,1573783139.16193,1573783141.18468,2.01968431472778,0.00307011604309082,2.02275443077087
385,8,33,1573783139.5427,1573783141.52302,1.97796893119812,0.00234603881835937,1.98031497001648
386,7,34,1573783139.57254,1573783141.56717,1.99188899993896,0.00273728370666504,1.99462628364563
387,0,35,1573783140.19187,1573783142.22528,2.03038144111633,0.00302910804748535,2.03341054916382
388,0,36,1573783140.78962,1573783142.8193,2.02746915817261,0.00220942497253418,2.02967858314514
389,2,38,1573783141.16316,1573783143.18263,2.01678371429443,0.00269007682800293,2.01947379112244
390,9,47,1573783141.17009,1573783143.23916,2.06655240058899,0.00251936912536621,2.06907176971436
391,5,40,1573783141.19275,1573783143.24598,2.05046200752258,0.00276899337768555,2.05323100090027
392,5,40,1573783141.19275,1573783143.24598,2.05046200752258,0.00276899337768555,2.05323100090027
393,0,37,1573783141.54762,1573783143.60915,2.05919885635376,0.00232815742492676,2.06152701377869
394,0,38,1573783141.55972,1573783143.62171,2.0598840713501,0.00210928916931152,2.06199336051941
395,3,48,1573783141.67188,1573783143.71503,2.04066324234009,0.00248551368713379,2.04314875602722
396,6,43,1573783141.89245,1573783144.25118,2.01406979560852,0.344653844833374,2.35872364044189
397,4,36,1573783142.13847,1573783144.90132,2.06992030143738,0.692924976348877,2.76284527778625
398,5,41,1573783142.3873,1573783145.23083,2.0372142791748,0.806313514709473,2.84352779388428
399,7,35,1573783142.89755,1573783145.3101,2.05864906311035,0.353904485702515,2.41255354881287
400,3,49,1573783143.26702,1573783145.33925,2.06627416610718,0.00595259666442871,2.07222676277161
401,4,37,1573783143.6039,1573783145.66323,2.0429322719574,0.0163938999176025,2.059326171875
402,7,36,1573783143.78927,1573783145.84533,2.0535044670105,0.00254583358764648,2.05605030059814
403,2,39,1573783143.93872,1573783145.98116,2.04007387161255,0.00236701965332031,2.04244089126587
404,3,50,1573783144.02841,1573783146.32238,2.06075119972229,0.233215570449829,2.29396677017212
405,2,40,1573783144.10137,1573783146.99672,2.08363103866577,0.811715126037598,2.89534616470337
406,0,39,1573783144.30728,1573783147.28474,2.0423629283905,0.93509578704834,2.97745871543884
407,5,42,1573783144.80277,1573783147.42554,2.0751805305481,0.547593116760254,2.62277364730835
408,4,38,1573783144.56933,1573783147.44632,2.12489581108093,0.752090930938721,2.87698674201965
409,7,37,1573783144.82567,1573783147.74472,2.07030630111694,0.848745584487915,2.91905188560486
410,6,44,1573783144.99941,1573783147.94248,2.08624029159546,0.856825590133667,2.94306588172913
411,1,29,1573783145.58098,1573783148.06227,2.06907439231873,0.412221670150757,2.48129606246948
412,8,34,1573783145.94439,1573783148.36412,2.03106284141541,0.388671159744263,2.41973400115967
413,2,41,1573783146.04876,1573783149.08065,2.06999015808105,0.961897611618042,3.0318877696991
414,6,45,1573783146.09423,1573783149.35217,2.05668067932129,1.20125675201416,3.25793743133545
415,6,46,1573783146.19131,1573783149.5264,2.06921458244324,1.2658839225769,3.33509850502014
416,1,30,1573783146.13139,1573783149.54124,2.10349440574646,1.30636024475098,3.40985465049744
417,8,35,1573783146.23671,1573783149.89172,2.1361300945282,1.51887726783752,3.65500736236572
418,4,39,1573783146.75931,1573783150.09491,2.140376329422,1.19522213935852,3.33559846878052
419,1,31,1573783146.98743,1573783150.18529,2.11187720298767,1.08597612380981,3.19785332679749
420,7,38,1573783147.30763,1573783150.47045,2.09492659568787,1.06788659095764,3.16281318664551
421,4,40,1573783147.32982,1573783151.13555,2.04322695732117,1.7624990940094,3.80572605133057
422,9,48,1573783147.511,1573783151.42174,2.05840611457825,1.85234093666077,3.91074705123901
423,4,41,1573783147.87654,1573783151.60609,2.05363512039185,1.67592215538025,3.72955727577209
424,7,39,1573783147.5259,1573783151.61619,2.07919788360596,2.0110936164856,4.09029150009155
425,9,49,1573783148.23876,1573783151.96396,2.06092691421509,1.6642701625824,3.72519707679749
426,2,42,1573783148.32871,1573783152.16998,2.0636157989502,1.7776460647583,3.8412618637085
427,1,32,1573783148.63425,1573783152.31324,2.11553621292114,1.56345319747925,3.67898941040039
428,3,51,1573783148.80325,1573783152.58586,2.10424566268921,1.67836236953735,3.78260803222656
429,2,43,1573783148.90999,1573783153.22704,2.07972598075867,2.23732686042786,4.31705284118652
430,0,40,1573783148.91571,1573783153.50929,2.0754873752594,2.51808929443359,4.59357666969299
431,3,52,1573783149.19141,1573783153.70253,2.07455158233643,2.43656873703003,4.51112031936646
432,2,44,1573783149.11544,1573783153.71047,2.09217166900635,2.50285315513611,4.59502482414246
433,2,44,1573783149.11544,1573783153.71047,2.09217166900635,2.50285315513611,4.59502482414246
434,6,47,1573783149.19931,1573783154.08191,2.10705327987671,2.77553987503052,4.88259315490723
435,8,36,1573783149.43459,1573783154.25452,2.07281827926636,2.74710464477539,4.81992292404175
436,4,42,1573783150.12219,1573783154.36324,2.03896355628967,2.20208883285522,4.2410523891449
437,4,43,1573783150.13358,1573783154.64385,2.0464813709259,2.46378564834595,4.51026701927185
438,0,41,1573783150.53739,1573783155.28201,2.04367470741272,2.70094704627991,4.74462175369263
439,8,37,1573783150.77206,1573783155.59283,2.07215404510498,2.74861264228821,4.82076668739319
440,0,42,1573783151.2311,1573783155.78151,2.05342602729797,2.49698090553284,4.55040693283081
441,0,42,1573783151.2311,1573783155.78151,2.05342602729797,2.49698090553284,4.55040693283081
442,0,43,1573783151.38226,1573783156.18662,2.09372329711914,2.71063756942749,4.80436086654663
443,2,45,1573783151.547,1573783156.30923,2.04203534126282,2.72019600868225,4.76223134994507
444,6,48,1573783151.80384,1573783156.43449,2.06070947647095,2.56993246078491,4.63064193725586
445,4,44,1573783151.80834,1573783156.6886,2.03448605537415,2.84576463699341,4.88025069236755
446,2,46,1573783152.34302,1573783157.37923,2.08533978462219,2.95087170600891,5.0362114906311
447,0,44,1573783152.75383,1573783157.64763,2.04319095611572,2.85060930252075,4.89380025863647
448,0,45,1573783153.41939,1573783157.86224,2.06055188179016,2.38230347633362,4.44285535812378
449,2,47,1573783152.79907,1573783157.89336,2.10105967521667,2.99322509765625,5.09428477287293
450,7,41,1573783153.90418,1573783158.25896,2.06024169921875,2.29453492164612,4.35477662086487
451,3,53,1573783154.78889,1573783158.39047,2.06976771354675,1.53180360794067,3.60157132148743
452,0,46,1573783155.04316,1573783158.48076,2.03521013259888,1.40238785743713,3.43759799003601
453,6,49,1573783155.63014,1573783158.74154,2.04230856895447,1.06908845901489,3.11139702796936
454,3,54,1573783156.32642,1573783159.44677,2.05476903915405,1.0655791759491,3.12034821510315
455,8,38,1573783157.09823,1573783159.67687,2.01841020584106,0.560236930847168,2.57864713668823
456,4,45,1573783157.71605,1573783159.9867,2.08219385147095,0.188454866409302,2.27064871788025
457,4,45,1573783157.71605,1573783159.9867,2.08219385147095,0.188454866409302,2.27064871788025
458,8,39,1573783158.12624,1573783160.31039,2.04028463363647,0.143866062164307,2.18415069580078
459,2,48,1573783158.32636,1573783160.4341,2.03269052505493,0.0750436782836914,2.10773420333862
460,9,50,1573783158.49096,1573783160.5405,2.04735279083252,0.00218319892883301,2.04953598976135
461,7,42,1573783159.0273,1573783161.01042,1.98066115379334,0.00245904922485352,1.98312020301819
462,8,40,1573783159.91695,1573783161.85008,1.93014764785767,0.00297760963439941,1.93312525749207
463,0,47,1573783159.97921,1573783161.90343,1.9213502407074,0.00286960601806641,1.92421984672546
464,3,55,1573783161.60282,1573783163.60046,1.99441957473755,0.0032200813293457,1.99763965606689
465,3,55,1573783161.60282,1573783163.60046,1.99441957473755,0.0032200813293457,1.99763965606689
466,9,51,1573783161.64963,1573783163.65309,2.00037932395935,0.00308346748352051,2.00346279144287
467,6,51,1573783161.81221,1573783163.84474,2.02957892417908,0.00295042991638184,2.03252935409546
468,2,49,1573783162.07805,1573783164.0893,2.00839066505432,0.00286102294921875,2.01125168800354
469,3,56,1573783162.41133,1573783164.42638,2.01225137710571,0.00279998779296875,2.01505136489868
470,0,48,1573783162.90734,1573783164.96343,2.05355167388916,0.00253868103027344,2.05609035491943
471,9,52,1573783163.16671,1573783165.22286,2.05366969108582,0.00247597694396973,2.05614566802979
472,1,33,1573783163.50515,1573783165.62337,2.01211810112,0.10610818862915,2.11822628974915
473,2,50,1573783163.52921,1573783165.65622,2.03029608726501,0.096714973449707,2.12701106071472
474,1,34,1573783164.1676,1573783166.16179,1.99127101898193,0.00291538238525391,1.99418640136719
475,8,41,1573783164.39487,1573783166.37741,1.97966384887695,0.00287652015686035,1.98254036903381
476,9,53,1573783165.10337,1573783167.08145,1.97492337226868,0.00315403938293457,1.97807741165161
477,1,35,1573783166.20753,1573783168.19644,1.98378562927246,0.00512266159057617,1.98890829086304
478,5,44,1573783166.20715,1573783168.25676,2.04628705978394,0.00332736968994141,2.04961442947388
479,8,42,1573783166.84026,1573783168.85628,2.01334881782532,0.0026700496673584,2.01601886749268
480,3,57,1573783166.98831,1573783169.04385,2.05243825912476,0.00309872627258301,2.05553698539734
481,7,43,1573783167.04781,1573783169.09976,2.04917311668396,0.00277328491210937,2.05194640159607
482,9,54,1573783167.72157,1573783169.72579,2.00133657455444,0.00288271903991699,2.00421929359436
483,6,52,1573783167.90669,1573783169.9124,2.00336217880249,0.00235176086425781,2.00571393966675
484,2,51,1573783168.0312,1573783170.06511,2.03141212463379,0.00249743461608887,2.03390955924988
485,9,55,1573783168.06155,1573783170.21645,2.00937128067017,0.145523071289063,2.15489435195923
486,6,53,1573783168.78587,1573783170.7927,2.00391173362732,0.00291943550109863,2.00683116912842
487,5,45,1573783169.35884,1573783171.365,2.00271701812744,0.00343585014343262,2.00615286827087
488,3,58,1573783169.4058,1573783171.41051,2.00186157226562,0.00284957885742187,2.00471115112305
489,9,56,1573783169.6934,1573783171.6765,1.98001432418823,0.00307798385620117,1.98309230804443
490,2,52,1573783170.00732,1573783171.96504,1.95481610298157,0.0028986930847168,1.95771479606628
491,3,59,1573783170.16781,1573783172.13196,1.9614942073822,0.00266194343566895,1.96415615081787
492,6,54,1573783171.06371,1573783172.92153,1.85491418838501,0.00290155410766602,1.85781574249268
493,5,46,1573783171.119,1573783173.00731,1.88512563705444,0.00318098068237305,1.88830661773682
494,8,43,1573783172.14652,1573783174.02265,1.87388586997986,0.0022428035736084,1.87612867355347
495,3,60,1573783172.73533,1573783174.67302,1.93480825424194,0.00288033485412598,1.93768858909607
496,7,44,1573783172.88505,1573783174.80802,1.92012357711792,0.00284647941589355,1.92297005653381
497,0,49,1573783172.89427,1573783174.88809,1.99098515510559,0.00283336639404297,1.99381852149963
498,7,45,1573783173.55537,1573783175.59935,2.04107332229614,0.00290465354919434,2.04397797584534
499,2,53,1573783173.72385,1573783175.82012,2.09280753135681,0.00346255302429199,2.0962700843811
500,1,36,1573783174.06458,1573783176.08577,2.01898789405823,0.00219488143920898,2.02118277549744
501,8,44,1573783174.09702,1573783176.12329,2.02365040779114,0.00262284278869629,2.02627325057983
502,6,55,1573783174.22186,1573783176.37985,2.15480041503906,0.00318384170532227,2.15798425674438
503,8,45,1573783174.42502,1573783176.76499,2.07731509208679,0.262656927108765,2.33997201919556
504,8,46,1573783174.66069,1573783176.86079,2.03908753395081,0.161010503768921,2.20009803771973
505,8,47,1573783174.8156,1573783176.97166,2.07234692573547,0.0837085247039795,2.15605545043945
506,2,54,1573783174.98314,1573783177.67418,2.06320714950562,0.627830505371094,2.69103765487671
507,4,46,1573783175.51439,1573783177.84911,2.01714372634888,0.317578077316284,2.33472180366516
508,7,46,1573783175.8623,1573783178.13073,2.03390645980835,0.234526395797729,2.26843285560608
509,2,55,1573783175.91661,1573783178.14981,2.01613616943359,0.217067003250122,2.23320317268372
510,2,56,1573783175.9563,1573783178.48129,2.08941578865051,0.435573101043701,2.52498888969421
511,0,50,1573783176.62167,1573783178.79015,2.01226735115051,0.156209468841553,2.16847681999207
512,2,57,1573783177.25497,1573783179.32257,2.06528568267822,0.00230789184570312,2.06759357452393
513,6,56,1573783177.37997,1573783179.42681,2.04448008537292,0.00235319137573242,2.04683327674866
514,9,57,1573783177.6673,1573783179.69647,2.01036524772644,0.0188095569610596,2.0291748046875
515,6,57,1573783178.30524,1573783180.33119,2.02230191230774,0.00364494323730469,2.02594685554504
516,7,47,1573783178.57993,1573783180.66659,2.08358526229858,0.00307464599609375,2.08665990829468
517,7,48,1573783178.62806,1573783180.68846,2.05793261528015,0.00246691703796387,2.06039953231812
518,2,58,1573783178.63208,1573783180.70894,2.07434773445129,0.00251102447509766,2.07685875892639
519,2,59,1573783179.0018,1573783181.08019,2.07584071159363,0.00254416465759277,2.07838487625122
520,2,60,1573783179.08162,1573783181.37561,2.04125380516052,0.252733707427979,2.2939875125885
521,0,51,1573783179.5797,1573783181.61724,2.03515625,0.00237584114074707,2.03753209114075
522,5,47,1573783179.89812,1573783181.93523,2.03471708297729,0.00239825248718262,2.03711533546448
523,0,52,1573783179.9465,1573783182.29862,1.95642948150635,0.395688772201538,2.35211825370789
524,8,48,1573783180.54054,1573783182.62216,1.92300963401794,0.158611059188843,2.08162069320679
525,4,47,1573783180.19907,1573783182.67708,1.99739265441895,0.480613470077515,2.47800612449646
526,7,49,1573783181.29457,1573783183.19503,1.89770793914795,0.00275087356567383,1.90045881271362
527,9,58,1573783181.9256,1573783183.80941,1.88043260574341,0.00337505340576172,1.88380765914917
528,2,61,1573783182.24228,1573783184.16804,1.92284560203552,0.00292277336120605,1.92576837539673
529,2,62,1573783183.04131,1573783184.95982,1.91584253311157,0.00266766548156738,1.91851019859314
530,8,49,1573783183.0802,1573783185.00673,1.92326188087463,0.00327110290527344,1.92653298377991
531,0,53,1573783183.232,1573783185.16528,1.93016481399536,0.00311636924743652,1.9332811832428
532,8,50,1573783183.45933,1573783185.4308,1.96840667724609,0.00305390357971191,1.97146058082581
533,4,48,1573783183.94597,1573783185.87147,1.9224488735199,0.00304985046386719,1.92549872398376
534,1,37,1573783184.68142,1573783186.55236,1.86810088157654,0.00283527374267578,1.87093615531921
535,8,51,1573783184.92514,1573783186.79555,1.86722254753113,0.0031890869140625,1.87041163444519
536,7,50,1573783184.99683,1573783186.83766,1.8384952545166,0.00234031677246094,1.84083557128906
537,3,61,1573783186.74201,1573783188.60071,1.85617184638977,0.00252771377563477,1.85869956016541
538,4,49,1573783186.94203,1573783188.84761,1.90309500694275,0.00248908996582031,1.90558409690857
539,0,54,1573783187.09919,1573783189.01839,1.91642165184021,0.00277829170227051,1.91919994354248
540,2,63,1573783187.47167,1573783189.41319,1.93834280967712,0.00318217277526855,1.94152498245239
541,0,55,1573783187.50309,1573783189.45668,1.95020365715027,0.0033876895904541,1.95359134674072
542,5,48,1573783188.64703,1573783190.66492,2.01531934738159,0.00257468223571777,2.01789402961731
543,5,48,1573783188.64703,1573783190.66492,2.01531934738159,0.00257468223571777,2.01789402961731
544,7,52,1573783188.69383,1573783190.73218,2.03404140472412,0.00431585311889648,2.03835725784302
545,4,50,1573783188.68421,1573783190.75343,2.06628704071045,0.00293183326721191,2.06921887397766
546,2,64,1573783188.78323,1573783190.89481,2.03604531288147,0.0755412578582764,2.11158657073975
547,8,52,1573783189.19304,1573783191.17198,1.97653746604919,0.00239396095275879,1.97893142700195
548,7,53,1573783189.24683,1573783191.40019,1.97685146331787,0.176508188247681,2.15335965156555
549,4,51,1573783190.12783,1573783192.14631,2.01590538024902,0.00257515907287598,2.0184805393219
550,9,59,1573783190.31778,1573783192.65573,1.97930955886841,0.358638286590576,2.33794784545898
551,2,65,1573783190.34533,1573783192.66322,1.97849822044373,0.339394569396973,2.3178927898407
552,2,65,1573783190.34533,1573783192.66322,1.97849822044373,0.339394569396973,2.3178927898407
553,1,38,1573783190.3483,1573783192.76096,2.01687741279602,0.395782232284546,2.41265964508057
554,5,49,1573783190.99417,1573783193.01059,2.01333546638489,0.00307798385620117,2.01641345024109
555,2,66,1573783191.18045,1573783193.13673,1.95369148254395,0.0025935173034668,1.95628499984741
556,2,67,1573783191.26105,1573783193.22794,1.96396255493164,0.00292181968688965,1.96688437461853
557,3,62,1573783191.97032,1573783193.87969,1.90683460235596,0.0025322437286377,1.90936684608459
558,1,39,1573783193.24596,1573783195.0967,1.84856867790222,0.00217032432556152,1.85073900222778
559,6,58,1573783193.53706,1573783195.40165,1.86163878440857,0.00295400619506836,1.86459279060364
560,1,40,1573783193.78132,1573783195.62693,1.84280943870544,0.0027928352355957,1.84560227394104
561,0,56,1573783194.71413,1573783196.53525,1.81831550598145,0.00280547142028809,1.82112097740173
562,3,63,1573783196.06583,1573783197.92971,1.86139726638794,0.00248193740844727,1.86387920379639
563,8,53,1573783196.40645,1573783198.25166,1.8423445224762,0.0028693675994873,1.84521389007568
564,4,52,1573783196.53016,1573783198.37623,1.84327530860901,0.00279831886291504,1.84607362747192
565,7,54,1573783197.15889,1573783198.98537,1.82327795028687,0.00320029258728027,1.82647824287415
566,0,57,1573783197.87212,1573783199.70077,1.82565116882324,0.00299644470214844,1.82864761352539
567,4,53,1573783199.47326,1573783201.32996,1.85397076606751,0.00273299217224121,1.85670375823975
568,8,54,1573783199.57523,1573783201.44402,1.86579322814941,0.00299692153930664,1.86879014968872
569,3,64,1573783199.68293,1573783201.56828,1.88253831863403,0.00281381607055664,1.88535213470459
570,2,68,1573783199.9082,1573783201.76748,1.85631728172302,0.00296854972839355,1.85928583145142
571,2,69,1573783201.20369,1573783203.16127,1.95436692237854,0.00321245193481445,1.95757937431335
572,3,65,1573783201.53157,1573783203.53218,1.99788284301758,0.00272083282470703,2.00060367584229
573,8,55,1573783201.62957,1573783203.59919,1.96702170372009,0.00259256362915039,1.96961426734924
574,2,70,1573783201.7143,1573783203.70577,1.98880672454834,0.00266265869140625,1.99146938323975
575,5,50,1573783201.80192,1573783203.80548,2.00029253959656,0.00326204299926758,2.00355458259583
576,6,59,1573783202.11291,1573783204.17073,2.05414223670959,0.00366950035095215,2.05781173706055
577,1,41,1573783202.29623,1573783204.33252,2.0333399772644,0.00295710563659668,2.036297082901
578,1,42,1573783202.4291,1573783204.50991,2.07831025123596,0.00249433517456055,2.08080458641052
579,9,60,1573783203.2037,1573783205.24846,2.04247713088989,0.00228190422058105,2.04475903511047
580,3,66,1573783203.29336,1573783205.6249,2.080561876297,0.250979900360107,2.3315417766571
581,3,66,1573783203.29336,1573783205.6249,2.080561876297,0.250979900360107,2.3315417766571
582,5,51,1573783203.34937,1573783205.78132,2.06516599655151,0.366785287857056,2.43195128440857
583,0,58,1573783203.35603,1573783205.90563,2.08949565887451,0.460097789764404,2.54959344863892
584,5,52,1573783203.46733,1573783206.23062,2.04887366294861,0.714409351348877,2.76328301429749
585,1,43,1573783204.11969,1573783206.46277,2.11742448806763,0.225662231445312,2.34308671951294
586,6,60,1573783204.12642,1573783206.53642,2.01510381698608,0.394894361495972,2.40999817848206
587,6,61,1573783204.2332,1573783207.30272,2.04340767860413,1.02611804008484,3.06952571868896
588,5,53,1573783205.06516,1573783207.67332,2.03020048141479,0.577963590621948,2.60816407203674
589,0,59,1573783204.67813,1573783207.70561,2.07253408432007,0.954938411712647,3.02747249603271
590,0,60,1573783205.20958,1573783207.84267,2.05007910728455,0.583011865615845,2.63309097290039
591,9,61,1573783206.15797,1573783208.21324,2.05292725563049,0.00233960151672363,2.05526685714722
592,7,56,1573783206.37208,1573783208.44728,2.07285737991333,0.00234317779541016,2.07520055770874
593,5,54,1573783206.56579,1573783208.76629,2.19810438156128,0.00238943099975586,2.20049381256104
594,5,54,1573783206.56579,1573783208.76629,2.19810438156128,0.00238943099975586,2.20049381256104
595,5,55,1573783206.72718,1573783209.34144,2.02718949317932,0.587069034576416,2.61425852775574
596,7,58,1573783207.06144,1573783209.73731,2.01795053482056,0.65791916847229,2.67586970329285
597,6,62,1573783206.91216,1573783209.76956,2.08415174484253,0.773239612579346,2.85739135742187
598,2,71,1573783207.6903,1573783209.88721,2.03174829483032,0.165163040161133,2.19691133499145
599,2,72,1573783207.79425,1573783210.3535,2.12802791595459,0.431219339370728,2.55924725532532
600,4,54,1573783208.25355,1573783210.50252,2.04052734375,0.208439350128174,2.24896669387817
601,2,73,1573783208.76225,1573783210.84335,2.06744027137756,0.0136640071868896,2.08110427856445
602,7,59,1573783208.84197,1573783210.86328,2.01886558532715,0.00245118141174316,2.02131676673889
603,4,55,1573783208.97309,1573783211.42224,2.06838512420654,0.380763053894043,2.44914817810059
604,3,67,1573783209.23532,1573783211.77969,2.02983045578003,0.514545202255249,2.54437565803528
605,6,63,1573783209.63574,1573783211.79434,2.01292514801025,0.145679950714111,2.15860509872437
606,6,64,1573783210.18086,1573783212.21958,2.03627324104309,0.00244903564453125,2.03872227668762
607,4,56,1573783210.51508,1573783212.52873,2.01151704788208,0.00213956832885742,2.01365661621094
608,4,57,1573783210.66585,1573783212.66677,1.99865293502808,0.00226259231567383,2.00091552734375
609,0,61,1573783210.89644,1573783212.92335,2.02443146705627,0.00248408317565918,2.02691555023193
610,2,74,1573783210.95296,1573783212.95206,1.99630546569824,0.00279736518859863,1.99910283088684
611,3,68,1573783210.96226,1573783213.40209,1.96770548820496,0.472126722335815,2.43983221054077
612,9,62,1573783211.22795,1573783213.78276,1.99121260643005,0.563595056533814,2.55480766296387
613,9,63,1573783212.11653,1573783214.05265,1.93337416648865,0.00274252891540527,1.93611669540405
614,0,62,1573783212.53879,1573783214.50313,1.96144461631775,0.00289177894592285,1.96433639526367
615,5,56,1573783212.86319,1573783214.79385,1.9280686378479,0.00258922576904297,1.93065786361694
616,5,57,1573783213.65791,1573783215.64597,1.98495745658875,0.00309944152832031,1.98805689811707
617,7,60,1573783213.70408,1573783215.66435,1.95728087425232,0.00298500061035156,1.96026587486267
618,9,64,1573783213.96281,1573783215.94402,1.97827887535095,0.00292706489562988,1.98120594024658
619,2,75,1573783214.14128,1573783216.1192,1.97545051574707,0.00246524810791016,1.97791576385498
620,1,44,1573783214.94964,1573783216.97915,2.02650761604309,0.00299930572509766,2.02950692176819
621,2,76,1573783214.99994,1573783217.04862,2.04585766792297,0.0028235912322998,2.04868125915527
622,8,56,1573783215.1106,1573783217.17094,2.05791974067688,0.00242161750793457,2.06034135818481
623,5,58,1573783215.37598,1573783217.43139,2.05283570289612,0.00257205963134766,2.05540776252747
624,1,45,1573783215.50043,1573783217.7026,2.04488301277161,0.157280206680298,2.2021632194519
625,3,69,1573783215.689,1573783217.74864,2.05730676651001,0.00233054161071777,2.05963730812073
626,4,58,1573783215.74374,1573783217.96939,2.0147910118103,0.210862874984741,2.22565388679504
627,8,57,1573783215.75189,1573783218.16014,2.03030037879944,0.377940654754639,2.40824103355408
628,5,59,1573783216.22122,1573783219.02811,2.03731989860535,0.769568920135498,2.80688881874084
629,9,65,1573783216.44517,1573783219.11795,2.05748105049133,0.61529803276062,2.67277908325195
630,6,65,1573783216.49737,1573783219.1986,2.01598978042603,0.685242414474487,2.70123219490051
631,9,66,1573783216.77455,1573783219.48086,2.03738832473755,0.668930292129517,2.70631861686707
632,8,58,1573783217.19641,1573783219.79604,2.08116006851196,0.518472671508789,2.59963274002075
633,8,59,1573783217.45762,1573783219.85599,2.09634304046631,0.302033424377441,2.39837646484375
634,6,66,1573783217.68803,1573783220.0036,2.02354502677917,0.292024374008179,2.31556940078735
635,7,61,1573783217.68861,1573783220.22167,2.05071806907654,0.482348918914795,2.53306698799133
636,2,77,1573783218.08336,1573783221.08751,2.04822635650635,0.955922842025757,3.0041491985321
637,2,78,1573783218.39048,1573783221.18555,2.05635213851929,0.738721609115601,2.79507374763489
638,2,79,1573783218.43323,1573783221.26291,2.05161881446838,0.778058528900147,2.82967734336853
639,8,60,1573783218.89961,1573783221.57186,2.07946920394897,0.592784881591797,2.67225408554077
640,7,62,1573783219.43151,1573783221.89559,2.08630728721619,0.377772808074951,2.46408009529114
641,5,60,1573783219.49886,1573783221.92609,2.05896854400635,0.368253946304321,2.42722249031067
642,1,46,1573783219.53594,1573783222.04925,2.03496646881104,0.478341102600098,2.51330757141113
643,1,47,1573783219.91532,1573783222.25163,2.01852631568909,0.317782640457153,2.33630895614624
644,6,67,1573783219.94941,1573783223.1339,2.03581070899963,1.14867568016052,3.18448638916016
645,5,61,1573783219.98167,1573783223.24236,2.04533004760742,1.21535801887512,3.26068806648254
646,0,63,1573783220.07946,1573783223.31402,2.04072117805481,1.19384169578552,3.23456287384033
647,0,64,1573783220.13725,1573783223.62803,2.04432153701782,1.44646143913269,3.49078297615051
648,3,70,1573783221.17134,1573783223.98212,2.07471418380737,0.736063241958618,2.81077742576599
649,9,67,1573783221.50752,1573783223.99224,2.05513286590576,0.429583311080933,2.48471617698669
650,3,71,1573783221.60021,1573783224.09105,2.0311975479126,0.459647178649902,2.4908447265625
651,9,68,1573783222.07159,1573783224.2943,2.03220176696777,0.190514326095581,2.22271609306335
652,7,63,1573783222.35326,1573783225.1564,2.01179456710815,0.791335105895996,2.80312967300415
653,5,62,1573783222.51353,1573783225.31279,2.05979514122009,0.739457130432129,2.79925227165222
654,2,80,1573783222.75638,1573783225.36466,2.03961396217346,0.568661212921143,2.6082751750946
655,0,65,1573783222.99258,1573783225.65249,2.01335859298706,0.646550178527832,2.65990877151489
656,9,69,1573783222.99996,1573783226.01478,2.02065205574036,0.994166612625122,3.01481866836548
657,4,59,1573783223.4553,1573783226.04732,2.04470872879028,0.54730749130249,2.59201622009277
658,5,63,1573783223.60851,1573783226.18011,2.07841491699219,0.493181228637695,2.57159614562988
659,4,60,1573783223.7839,1573783226.34769,2.04207372665405,0.521708726882935,2.56378245353699
660,9,70,1573783224.10957,1573783227.17963,2.01278281211853,1.05728030204773,3.07006311416626
661,2,81,1573783224.1273,1573783227.34639,2.02259755134583,1.19648694992065,3.21908450126648
662,6,68,1573783224.83944,1573783227.3891,2.01412892341614,0.535526514053345,2.54965543746948
663,1,48,1573783225.67929,1573783227.68278,2.00116777420044,0.00232028961181641,2.00348806381226
664,9,71,1573783225.94569,1573783228.00731,1.98128938674927,0.0803241729736328,2.0616135597229
665,7,64,1573783225.96883,1573783228.0425,1.98336458206177,0.0903086662292481,2.07367324829102
666,0,66,1573783226.57173,1573783228.56861,1.99454307556152,0.00233101844787598,1.9968740940094
667,5,64,1573783226.67809,1573783228.65224,1.97173094749451,0.00241899490356445,1.97414994239807
668,9,72,1573783226.69623,1573783229.14276,1.9508113861084,0.495710134506226,2.44652152061462
669,8,61,1573783227.60402,1573783229.56776,1.96092510223389,0.00281047821044922,1.96373558044434
670,1,49,1573783227.93521,1573783229.87482,1.93664526939392,0.00296449661254883,1.93960976600647
671,4,61,1573783228.30037,1573783230.24782,1.94454503059387,0.00290703773498535,1.94745206832886
672,8,62,1573783228.5108,1573783230.46173,1.94819736480713,0.00274014472961426,1.95093750953674
673,9,73,1573783229.04684,1573783231.01027,1.96038866043091,0.00304150581359863,1.96343016624451
674,2,82,1573783229.16768,1573783231.12006,1.94984269142151,0.00253725051879883,1.95237994194031
675,8,63,1573783229.40649,1573783231.35073,1.94145512580872,0.00278043746948242,1.9442355632782
676,9,74,1573783230.0219,1573783231.88793,1.86297416687012,0.00306010246276855,1.86603426933289
677,5,65,1573783230.55979,1573783232.41779,1.85561537742615,0.00238442420959473,1.85799980163574
678,7,65,1573783230.84856,1573783232.74651,1.89511346817017,0.00283360481262207,1.89794707298279
679,0,67,1573783232.05556,1573783233.89422,1.83568620681763,0.00297212600708008,1.83865833282471
680,2,83,1573783232.12447,1573783233.99079,1.86362218856812,0.00269746780395508,1.86631965637207
681,8,64,1573783233.07428,1573783234.93703,1.85991501808167,0.00282955169677734,1.86274456977844
682,7,66,1573783233.72442,1573783235.60618,1.87898015975952,0.00277543067932129,1.88175559043884
683,8,65,1573783234.17654,1573783236.0953,1.91609907150269,0.00265598297119141,1.91875505447388
684,2,84,1573783234.35021,1573783236.30798,1.95489358901978,0.00287437438964844,1.95776796340942
685,2,85,1573783234.39457,1573783236.37636,1.97881269454956,0.00298285484313965,1.9817955493927
686,6,69,1573783234.83428,1573783236.81721,1.98005747795105,0.00286984443664551,1.9829273223877
687,5,66,1573783235.29698,1573783237.3054,2.00519776344299,0.00321793556213379,2.00841569900513
688,5,67,1573783235.33895,1573783237.36439,2.02306652069092,0.00236415863037109,2.02543067932129
689,6,70,1573783235.94252,1573783237.96602,2.02088642120361,0.00261473655700684,2.02350115776062
690,4,62,1573783235.92479,1573783237.97848,2.05112648010254,0.00255990028381348,2.05368638038635
691,4,63,1573783236.23822,1573783238.2265,1.98554682731628,0.00273633003234863,1.98828315734863
692,0,68,1573783236.56549,1573783238.55356,1.98539185523987,0.0026850700378418,1.98807692527771
693,4,64,1573783237.02359,1573783238.9975,1.97165775299072,0.00224614143371582,1.97390389442444
694,7,67,1573783237.07388,1573783239.05814,1.98159956932068,0.00266265869140625,1.98426222801209
695,9,75,1573783237.19739,1573783239.30569,1.98821759223938,0.120073556900024,2.1082911491394
696,8,66,1573783237.48889,1573783239.47609,1.98457503318787,0.00263309478759766,1.98720812797546
697,5,68,1573783237.6307,1573783239.92418,1.94635701179504,0.347119331359863,2.29347634315491
698,6,71,1573783238.43131,1573783240.31616,1.88240432739258,0.00244402885437012,1.88484835624695
699,6,72,1573783239.04622,1573783240.8583,1.80949401855469,0.00258564949035645,1.81207966804504
700,1,50,1573783239.91588,1573783241.75063,1.83200478553772,0.00274205207824707,1.83474683761597
701,4,65,1573783241.15938,1573783243.10994,1.94656491279602,0.00399446487426758,1.95055937767029
702,2,86,1573783241.15841,1573783243.12654,1.96542358398438,0.00269746780395508,1.96812105178833
703,4,66,1573783241.27671,1573783243.23249,1.95286440849304,0.00291156768798828,1.95577597618103
704,7,68,1573783241.5712,1573783243.57468,2.00044465065002,0.00303506851196289,2.00347971916199
705,6,73,1573783241.62402,1573783243.62986,2.00252795219421,0.0033118724822998,2.00583982467651
706,8,67,1573783241.75867,1573783243.78435,2.02231574058533,0.00335955619812012,2.02567529678345
707,9,76,1573783241.86553,1573783243.8941,2.02588629722595,0.0026862621307373,2.02857255935669
708,9,77,1573783242.7074,1573783244.72022,2.010098695755,0.00272154808044434,2.01282024383545
709,3,72,1573783242.85205,1573783245.13502,2.01351451873779,0.269461631774902,2.2829761505127
710,7,69,1573783243.04222,1573783245.14372,2.00576424598694,0.0957410335540772,2.10150527954102
711,6,74,1573783243.20197,1573783245.26435,2.02091407775879,0.0414655208587647,2.06237959861755
712,1,51,1573783243.33723,1573783245.58759,2.00149869918823,0.248862743377686,2.25036144256592
713,1,52,1573783243.55749,1573783245.68795,2.04594588279724,0.0845181941986084,2.13046407699585
714,4,67,1573783244.00712,1573783246.05505,2.04512095451355,0.00280427932739258,2.04792523384094
715,4,68,1573783244.11566,1573783246.12257,2.00420022010803,0.00270771980285645,2.00690793991089
716,6,75,1573783244.24482,1573783246.83043,2.09928727149963,0.486323595046997,2.58561086654663
717,9,78,1573783244.7541,1573783247.1666,2.02099251747131,0.391509532928467,2.41250205039978
718,8,68,1573783244.88112,1573783247.21733,2.0615828037262,0.27462363243103,2.33620643615723
719,1,53,1573783245.3878,1573783247.41871,2.02821278572083,0.00269722938537598,2.0309100151062
720,3,73,1573783245.83434,1573783247.83588,1.99872207641602,0.00281476974487305,2.00153684616089
721,3,74,1573783246.04283,1573783248.08531,2.04000163078308,0.00247550010681152,2.04247713088989
722,0,69,1573783246.04786,1573783248.12502,2.05050563812256,0.0266487598419189,2.07715439796448
723,8,69,1573783246.2739,1573783248.32283,2.0460364818573,0.00289773941040039,2.0489342212677
724,7,70,1573783246.62467,1573783248.94029,2.09890937805176,0.216708183288574,2.31561756134033
725,6,76,1573783247.01715,1573783249.20328,2.02495074272156,0.161186218261719,2.18613696098328
726,5,69,1573783247.20532,1573783249.30359,2.07038378715515,0.0278844833374023,2.09826827049255
727,4,69,1573783247.41439,1573783249.5879,2.15472340583801,0.0187795162200928,2.17350292205811
728,1,54,1573783247.41494,1573783249.88339,2.03533530235291,0.433119535446167,2.46845483779907
729,7,71,1573783247.71695,1573783250.1149,2.0186710357666,0.379278659820557,2.39794969558716
730,2,87,1573783247.71841,1573783250.14624,2.01112031936645,0.416699647903442,2.4278199672699
731,8,70,1573783248.27345,1573783250.43412,2.09803080558777,0.062645435333252,2.16067624092102
732,5,70,1573783248.37039,1573783250.92426,1.97100710868835,0.582864046096802,2.55387115478516
733,0,70,1573783248.40034,1573783251.21179,1.99613523483276,0.815313577651978,2.81144881248474
734,1,55,1573783249.34585,1573783251.30988,1.96175718307495,0.00227808952331543,1.96403527259827
735,7,72,1573783249.54892,1573783251.56297,1.96294236183167,0.0511133670806885,2.01405572891235
736,0,71,1573783250.34285,1573783252.20914,1.86340880393982,0.00288724899291992,1.86629605293274
737,5,71,1573783251.1917,1573783253.01037,1.81584811210632,0.00281548500061035,1.81866359710693
738,0,72,1573783252.1024,1573783253.93649,1.83133721351624,0.00275802612304687,1.83409523963928
739,3,75,1573783252.13468,1573783253.97302,1.83516263961792,0.00317621231079102,1.83833885192871
740,8,71,1573783252.87234,1573783254.70288,1.82762551307678,0.00290942192077637,1.83053493499756
741,2,88,1573783254.48312,1573783256.42857,1.94291567802429,0.0025334358215332,1.94544911384583
742,0,73,1573783254.6342,1573783256.60865,1.97190952301025,0.00253891944885254,1.97444844245911
743,6,77,1573783254.9183,1573783256.91224,1.9911835193634,0.00275897979736328,1.99394249916077
744,2,89,1573783255.01659,1573783257.00973,1.99021172523499,0.00292277336120605,1.99313449859619
745,5,72,1573783255.28847,1573783257.32871,2.0370979309082,0.00314211845397949,2.04024004936218
746,1,56,1573783255.33674,1573783257.40759,2.06795072555542,0.00290322303771973,2.07085394859314
747,6,78,1573783255.39992,1573783257.41453,2.0117495059967,0.00286030769348145,2.01460981369019
748,6,78,1573783255.39992,1573783257.41453,2.0117495059967,0.00286030769348145,2.01460981369019
749,2,90,1573783255.50845,1573783257.51731,2.00649189949036,0.00236678123474121,2.0088586807251
750,3,76,1573783255.63446,1573783258.43,1.99068188667297,0.804852724075317,2.79553461074829
751,5,73,1573783256.53732,1573783258.63181,2.01160573959351,0.0828862190246582,2.09449195861816
752,6,79,1573783256.87472,1573783258.9075,1.98454403877258,0.0482361316680908,2.03278017044067
753,7,73,1573783256.91262,1573783258.98709,1.96664834022522,0.107828378677368,2.07447671890259
754,2,91,1573783257.0838,1573783259.31376,1.97393274307251,0.256024837493896,2.22995758056641
755,1,57,1573783257.48819,1573783259.51564,2.02447843551636,0.00297880172729492,2.02745723724365
756,0,74,1573783257.67787,1573783259.72376,2.04287624359131,0.00301122665405273,2.04588747024536
757,2,92,1573783258.43816,1573783260.42868,1.98797249794006,0.00254416465759277,1.99051666259766
758,6,80,1573783258.84784,1573783260.92255,2.07180547714233,0.00289630889892578,2.07470178604126
759,9,79,1573783259.20059,1573783261.25468,2.05118322372437,0.00291037559509277,2.05409359931946
760,9,79,1573783259.20059,1573783261.25468,2.05118322372437,0.00291037559509277,2.05409359931946
761,1,58,1573783259.34808,1573783261.38935,2.03833913803101,0.0029294490814209,2.04126858711243
762,2,93,1573783259.38383,1573783261.46923,2.08287858963013,0.00252246856689453,2.08540105819702
763,6,81,1573783259.4808,1573783261.62444,2.09786748886108,0.0457639694213867,2.14363145828247
764,5,74,1573783259.8844,1573783261.88172,1.99451637268066,0.0028080940246582,1.99732446670532
765,4,71,1573783260.41675,1573783262.40841,1.9680609703064,0.023592472076416,1.99165344238281
766,6,82,1573783260.51853,1573783262.92039,1.98493027687073,0.416933059692383,2.40186333656311
767,5,75,1573783261.52116,1573783263.47489,1.95048809051514,0.00324416160583496,1.95373225212097
768,0,75,1573783261.85775,1573783263.83543,1.97430872917175,0.00336933135986328,1.97767806053162
769,7,74,1573783262.04973,1573783264.05007,1.99759364128113,0.00273847579956055,2.00033211708069
770,8,72,1573783262.29251,1573783264.3569,2.06153893470764,0.0028536319732666,2.06439256668091
771,0,76,1573783262.57095,1573783264.61084,2.0368173122406,0.00307059288024902,2.03988790512085
772,6,83,1573783262.64637,1573783264.64771,1.9980731010437,0.0032656192779541,2.00133872032166
773,4,72,1573783262.64219,1573783264.6865,2.04159617424011,0.002716064453125,2.04431223869324
774,5,76,1573783262.97298,1573783265.0024,2.02683138847351,0.00258994102478027,2.02942132949829
775,1,59,1573783263.53699,1573783265.57268,2.03315854072571,0.00253391265869141,2.0356924533844
776,3,77,1573783263.98045,1573783266.05608,2.07336020469666,0.00226759910583496,2.07562780380249
777,1,60,1573783264.22052,1573783266.27245,2.04906368255615,0.00286746025085449,2.05193114280701
778,1,61,1573783264.74393,1573783266.83436,2.08704495429993,0.00338530540466309,2.09043025970459
779,0,78,1573783264.79922,1573783266.84765,2.04548454284668,0.00293779373168945,2.04842233657837
780,0,78,1573783264.79922,1573783266.84765,2.04548454284668,0.00293779373168945,2.04842233657837
781,2,94,1573783265.15412,1573783267.25693,2.0999448299408,0.00286626815795898,2.10281109809875
782,1,62,1573783265.32758,1573783267.55906,2.22877717018127,0.0027008056640625,2.23147797584534
783,8,73,1573783265.40438,1573783267.76934,2.18595099449158,0.179014205932617,2.36496520042419
784,7,75,1573783265.7173,1573783268.32006,2.25293493270874,0.34981894493103,2.60275387763977
785,7,76,1573783266.13696,1573783268.61722,2.3330352306366,0.147226095199585,2.48026132583618
786,3,78,1573783266.16174,1573783269.00247,2.15616273880005,0.684567451477051,2.8407301902771
787,3,78,1573783266.16174,1573783269.00247,2.15616273880005,0.684567451477051,2.8407301902771
788,9,80,1573783266.87923,1573783269.03352,2.15197086334229,0.00231719017028809,2.15428805351257
789,8,74,1573783267.20508,1573783269.5773,2.30733227729797,0.0648834705352783,2.37221574783325
790,6,84,1573783267.59215,1573783269.85094,2.07032108306885,0.188468217849731,2.25878930091858
791,8,75,1573783267.44779,1573783269.88364,2.31058287620544,0.12526273727417,2.43584561347961
792,1,63,1573783267.78719,1573783270.64691,2.31347942352295,0.546239852905273,2.85971927642822
793,7,77,1573783267.82915,1573783270.80223,2.17440629005432,0.798668384552002,2.97307467460632
794,0,79,1573783270.09421,1573783272.287,2.18991279602051,0.00287961959838867,2.1927924156189
795,3,79,1573783270.17363,1573783272.29672,2.1198992729187,0.00318670272827148,2.12308597564697
796,7,78,1573783270.56485,1573783272.69048,2.12258529663086,0.00304198265075684,2.12562727928162
797,4,73,1573783270.75601,1573783272.81147,2.05235910415649,0.00310778617858887,2.05546689033508
798,4,74,1573783271.19071,1573783273.27386,2.08024644851685,0.0028994083404541,2.0831458568573
799,8,76,1573783271.02975,1573783273.41426,2.38165307044983,0.00284790992736816,2.3845009803772
800,3,80,1573783271.71397,1573783274.00848,2.29186511039734,0.00264859199523926,2.29451370239258
801,1,64,1573783271.62418,1573783274.13162,2.50506114959717,0.00237345695495605,2.50743460655212
802,4,75,1573783272.08458,1573783274.51964,2.21161317825317,0.22343921661377,2.43505239486694
803,3,81,1573783271.81612,1573783274.56172,2.26184844970703,0.4837486743927,2.74559712409973
804,1,65,1573783272.56244,1573783275.00423,2.30053448677063,0.141249656677246,2.44178414344788
805,8,77,1573783272.97296,1573783275.30333,2.32752418518066,0.00285148620605469,2.33037567138672
806,7,79,1573783273.19807,1573783275.49375,2.20569896697998,0.0899724960327148,2.2956714630127
807,3,82,1573783274.13806,1573783276.30689,2.16609740257263,0.00272846221923828,2.16882586479187
808,2,96,1573783274.53439,1573783276.79096,2.25419020652771,0.00238633155822754,2.25657653808594
809,8,78,1573783274.83269,1573783277.08429,2.247802734375,0.00378680229187012,2.25158953666687
810,8,79,1573783275.23332,1573783277.47588,2.23938798904419,0.00317168235778809,2.24255967140198
811,0,80,1573783275.45584,1573783277.68165,2.2229380607605,0.00286769866943359,2.22580575942993
812,9,81,1573783275.5711,1573783277.82065,2.24654817581177,0.00300025939941406,2.24954843521118
813,0,81,1573783276.13222,1573783278.39284,2.25788569450378,0.00273394584655762,2.26061964035034
814,0,82,1573783277.21982,1573783279.49918,2.2763295173645,0.00302958488464355,2.27935910224915
815,6,85,1573783277.85209,1573783280.07884,2.22364544868469,0.00311064720153809,2.22675609588623
816,6,86,1573783278.22004,1573783280.60904,2.38661694526672,0.00238132476806641,2.38899827003479
817,6,86,1573783278.22004,1573783280.60904,2.38661694526672,0.00238132476806641,2.38899827003479
818,6,87,1573783278.70303,1573783281.05314,2.34739804267883,0.00270700454711914,2.35010504722595
819,1,66,1573783278.80195,1573783281.25659,2.45177912712097,0.00286459922790527,2.45464372634888
820,3,83,1573783278.84757,1573783281.33383,2.48322343826294,0.0030369758605957,2.48626041412354
821,6,88,1573783278.93133,1573783281.40237,2.46722793579102,0.00381088256835937,2.47103881835937
822,1,67,1573783279.82969,1573783282.24101,2.40845537185669,0.00286197662353516,2.41131734848022
823,5,77,1573783280.59785,1573783283.36948,2.76868057250977,0.00294971466064453,2.77163028717041
824,0,83,1573783280.66579,1573783283.49889,2.83042049407959,0.00268125534057617,2.83310174942017
825,7,80,1573783280.76788,1573783283.60405,2.8334813117981,0.00269293785095215,2.83617424964905
826,6,89,1573783281.00321,1573783283.86715,2.79966568946838,0.0642757415771484,2.86394143104553
827,7,81,1573783281.57235,1573783284.65594,3.08104729652405,0.00254178047180176,3.08358907699585
828,1,68,1573783281.78892,1573783284.71279,2.92158555984497,0.00228404998779297,2.92386960983276
829,9,82,1573783282.0833,1573783285.14148,3.0556013584137,0.00257301330566406,3.05817437171936
830,4,76,1573783282.09387,1573783285.33143,3.07750844955444,0.1600501537323,3.23755860328674
831,9,83,1573783282.16901,1573783286.21658,2.83121228218079,1.21635293960571,4.0475652217865
832,7,82,1573783282.63125,1573783286.25031,2.7380793094635,0.880971431732178,3.61905074119568
833,0,84,1573783282.72852,1573783286.65267,3.03427386283875,0.889871120452881,3.92414498329163
834,9,84,1573783283.45069,1573783286.76933,2.88869690895081,0.429944038391113,3.31864094734192
835,2,98,1573783283.50648,1573783287.4711,2.7959668636322,1.16865539550781,3.96462225914001
836,6,90,1573783283.5086,1573783287.55592,2.82075262069702,1.22655868530273,4.04731130599976
837,0,85,1573783283.68713,1573783287.84133,2.68502449989319,1.46917200088501,4.1541965007782
838,9,85,1573783284.32147,1573783287.9572,2.61335182189941,1.02238249778748,3.63573431968689
839,8,80,1573783285.42897,1573783288.94116,2.71105337142944,0.801135063171387,3.51218843460083
840,4,77,1573783285.50045,1573783288.98786,2.7265453338623,0.760865211486816,3.48741054534912
841,6,91,1573783285.72416,1573783289.04665,2.38074970245361,0.941746234893799,3.32249593734741
842,8,81,1573783286.33946,1573783289.71827,2.93599510192871,0.442812442779541,3.37880754470825
843,3,84,1573783287.36203,1573783289.89237,2.32455348968506,0.205780506134033,2.53033399581909
844,9,86,1573783286.61581,1573783290.18693,2.70275926589966,0.868355751037598,3.57111501693726
845,1,69,1573783288.74227,1573783291.11257,2.36748957633972,0.00280356407165527,2.37029314041138
846,5,78,1573783288.46253,1573783291.24736,2.78201484680176,0.00281357765197754,2.78482842445374
847,0,86,1573783289.04165,1573783291.32917,2.28456592559814,0.00295495986938477,2.28752088546753
848,0,87,1573783289.38888,1573783291.66588,2.27193260192871,0.00507164001464844,2.27700424194336
849,6,92,1573783289.38751,1573783291.70904,2.31751704216003,0.0040128231048584,2.32152986526489
850,0,88,1573783289.44698,1573783292.02849,2.29625773429871,0.285248279571533,2.58150601387024
851,7,83,1573783289.5381,1573783292.04587,2.14097356796265,0.366794347763062,2.50776791572571
852,1,70,1573783290.62329,1573783292.71831,2.09259343147278,0.00242519378662109,2.0950186252594
853,5,79,1573783291.03499,1573783293.29939,2.0383768081665,0.226016283035278,2.26439309120178
854,8,82,1573783290.72262,1573783293.30712,2.18099784851074,0.40349817276001,2.58449602127075
855,8,82,1573783290.72262,1573783293.30712,2.18099784851074,0.40349817276001,2.58449602127075
856,7,84,1573783291.11528,1573783293.37004,2.0270938873291,0.22766637802124,2.25476026535034
857,4,78,1573783291.96164,1573783293.94398,1.97785401344299,0.00447940826416016,1.98233342170715
858,7,85,1573783292.85942,1573783294.80113,1.93856406211853,0.00315308570861816,1.94171714782715
859,4,79,1573783293.14794,1573783295.05097,1.90013313293457,0.00290012359619141,1.90303325653076
860,1,71,1573783293.38603,1573783295.28622,1.89713597297668,0.00304770469665527,1.90018367767334
861,9,87,1573783293.72796,1573783295.64593,1.91522908210754,0.00273919105529785,1.91796827316284
862,6,93,1573783294.69913,1573783296.66954,1.9673969745636,0.00301361083984375,1.97041058540344
863,5,80,1573783294.87897,1573783296.80503,1.92304515838623,0.00302243232727051,1.9260675907135
864,5,81,1573783294.92936,1573783296.89765,1.96528387069702,0.00301241874694824,1.96829628944397
865,5,82,1573783295.63442,1573783297.65234,2.01462268829346,0.00329136848449707,2.01791405677795
866,4,80,1573783296.00188,1573783298.02383,2.01902675628662,0.00291967391967773,2.0219464302063
867,1,72,1573783296.31495,1573783298.34305,2.02486991882324,0.00322675704956055,2.0280966758728
868,5,83,1573783296.53975,1573783298.60754,2.06462454795837,0.00316452980041504,2.06778907775879
869,0,89,1573783296.72092,1573783298.71984,1.99615859985352,0.00276899337768555,1.9989275932312
870,1,73,1573783297.29427,1573783299.2835,1.98597574234009,0.00325107574462891,1.98922681808472
871,3,85,1573783297.58285,1573783299.54842,1.96260166168213,0.00296974182128906,1.96557140350342
872,9,88,1573783298.09653,1573783300.03007,1.93090605735779,0.00262880325317383,1.93353486061096
873,7,86,1573783298.63956,1573783300.57111,1.92845344543457,0.0030972957611084,1.93155074119568
874,2,99,1573783298.83155,1573783300.71457,1.88004732131958,0.00296664237976074,1.88301396369934
875,3,86,1573783299.27175,1573783301.14874,1.87431001663208,0.00267863273620605,1.87698864936829
876,5,84,1573783299.74861,1573783301.61703,1.86519026756287,0.00322985649108887,1.86842012405396
877,5,85,1573783300.87484,1573783302.82547,1.94760704040527,0.00302481651306152,1.95063185691834
878,4,81,1573783301.07636,1573783303.01588,1.93691802024841,0.00260591506958008,1.93952393531799
879,8,83,1573783301.42646,1573783303.41113,1.981764793396,0.00290870666503906,1.98467350006104
880,4,82,1573783301.54562,1573783303.56317,2.01421070098877,0.00334286689758301,2.01755356788635
881,4,83,1573783301.74884,1573783303.75414,2.00229406356812,0.00300955772399902,2.00530362129211
882,4,84,1573783302.08474,1573783304.11031,2.0226948261261,0.0028691291809082,2.02556395530701
883,4,85,1573783302.11851,1573783304.15882,2.03744769096375,0.00286674499511719,2.04031443595886
884,7,87,1573783302.17372,1573783304.1988,2.02261590957642,0.00245952606201172,2.02507543563843
885,7,88,1573783302.55166,1573783304.84398,2.00689768791199,0.285421133041382,2.29231882095337
886,3,87,1573783302.73542,1573783305.06489,2.03706312179565,0.292412519454956,2.32947564125061
887,6,94,1573783303.01431,1573783305.44173,1.99693274497986,0.43048095703125,2.42741370201111
888,3,88,1573783303.43731,1573783305.56409,1.98955345153809,0.137231826782227,2.12678527832031
889,8,84,1573783303.99873,1573783306.06427,2.06290292739868,0.00263667106628418,2.06553959846497
890,1,74,1573783304.77486,1573783306.85176,2.07434391975403,0.00255799293518066,2.07690191268921
891,9,89,1573783304.76662,1573783306.9139,2.14491939544678,0.00235629081726074,2.14727568626404
892,1,75,1573783305.51636,1573783307.58693,2.0685031414032,0.00206923484802246,2.07057237625122
893,4,86,1573783305.69421,1573783307.74897,2.05118989944458,0.00356864929199219,2.05475854873657
894,7,89,1573783306.53448,1573783308.54972,2.01229739189148,0.00295042991638184,2.01524782180786
895,9,90,1573783307.33343,1573783309.37109,2.03448128700256,0.00318646430969238,2.03766775131226
896,7,90,1573783307.35588,1573783309.40848,2.04983234405518,0.00276875495910645,2.05260109901428
897,5,86,1573783307.31294,1573783309.45111,2.13508892059326,0.00307440757751465,2.13816332817078
898,3,89,1573783308.27566,1573783310.3692,2.09048533439636,0.00305414199829102,2.09353947639465
899,4,87,1573783308.33722,1573783310.50396,2.16364812850952,0.00309133529663086,2.16673946380615
900,8,85,1573783308.33604,1573783310.77283,2.43253040313721,0.00425839424133301,2.43678879737854
901,4,88,1573783308.68525,1573783310.86183,2.17419362068176,0.0023808479309082,2.17657446861267
902,4,89,1573783308.77591,1573783311.11251,2.33382296562195,0.00277948379516602,2.33660244941711
903,8,86,1573783309.50919,1573783311.77879,2.26673221588135,0.00286459922790527,2.26959681510925
904,5,87,1573783309.78219,1573783312.15398,2.36914944648743,0.00263619422912598,2.37178564071655
905,9,91,1573783309.78029,1573783312.1831,2.40007400512695,0.00273466110229492,2.40280866622925
906,9,92,1573783309.96581,1573783312.59297,2.20698857307434,0.420164823532105,2.62715339660645
907,4,90,1573783310.17681,1573783312.77962,2.26046586036682,0.342334032058716,2.60279989242554
908,5,88,1573783310.27209,1573783313.10141,2.31628632545471,0.513035297393799,2.82932162284851
909,7,91,1573783310.37011,1573783313.21598,2.3414409160614,0.504428148269653,2.84586906433105
910,1,76,1573783310.68177,1573783313.51473,2.38865661621094,0.444308757781982,2.83296537399292
911,7,92,1573783311.10374,1573783314.14697,2.35423135757446,0.688994884490967,3.04322624206543
912,4,91,1573783311.43983,1573783314.37216,2.20669531822205,0.725629091262817,2.93232440948486
913,0,90,1573783311.5362,1573783314.70516,2.51033163070679,0.658622026443481,3.16895365715027
914,5,89,1573783311.63376,1573783315.14787,2.54221558570862,0.971896886825562,3.51411247253418
915,1,77,1573783311.65998,1573783315.16047,2.36735391616821,1.13312888145447,3.50048279762268
916,7,93,1573783311.77758,1573783315.41801,2.30281591415405,1.33761262893677,3.64042854309082
917,1,78,1573783311.86627,1573783315.60478,2.37673950195312,1.36176681518555,3.73850631713867
918,3,90,1573783311.98761,1573783315.83762,2.31094455718994,1.53906202316284,3.85000658035278
919,4,92,1573783312.03675,1573783316.34784,2.18898010253906,2.12211036682129,4.31109046936035
920,1,79,1573783312.55817,1573783316.98099,2.59663534164429,1.82617878913879,4.42281413078308
921,6,95,1573783313.00438,1573783317.33475,2.61763095855713,1.71274185180664,4.33037281036377
922,3,91,1573783313.19232,1573783317.4632,2.30073690414429,1.97013902664185,4.27087593078613
923,8,87,1573783313.26825,1573783317.53749,2.36345601081848,1.90577936172485,4.26923537254334
924,6,96,1573783313.26933,1573783317.77602,2.34385991096497,2.16282939910889,4.50668931007385
925,1,80,1573783313.89909,1573783317.80422,2.18653917312622,1.71859335899353,3.90513253211975
926,5,90,1573783314.03595,1573783318.09675,2.24635434150696,1.8144428730011,4.06079721450806
927,1,81,1573783314.07086,1573783318.92128,2.56181669235229,2.28860187530518,4.85041856765747
928,3,92,1573783314.79501,1573783319.54352,2.55149006843567,2.19701242446899,4.74850249290466
929,1,82,1573783315.06658,1573783319.94711,2.60072422027588,2.27980756759644,4.88053178787231
930,8,88,1573783315.18,1573783320.09133,2.54362726211548,2.36771154403687,4.91133880615234
931,0,91,1573783315.17476,1573783320.30329,2.82612752914429,2.30240535736084,5.12853288650513
932,4,93,1573783315.89847,1573783320.40593,2.61672782897949,1.89073061943054,4.50745844841003
933,5,91,1573783316.29204,1573783320.41673,2.59868216514587,1.52599954605103,4.1246817111969
934,5,92,1573783316.81159,1573783320.86009,2.74719905853271,1.30129885673523,4.04849791526794
935,0,92,1573783317.07748,1573783321.75089,2.81541275978088,1.85799384117126,4.67340660095215
936,5,93,1573783317.15769,1573783322.20901,2.65283131599426,2.39848303794861,5.05131435394287
937,3,93,1573783317.30667,1573783322.447,2.4867377281189,2.6535964012146,5.1403341293335
938,9,93,1573783317.70462,1573783322.62143,2.51615071296692,2.40065956115723,4.91681027412415
939,5,94,1573783317.8309,1573783322.91268,2.49305200576782,2.58873391151428,5.0817859172821
940,4,95,1573783317.92774,1573783322.93486,2.50432443618774,2.50279855728149,5.00712299346924
941,4,94,1573783317.8293,1573783323.10145,2.78387117385864,2.48828125,5.27215242385864
942,0,93,1573783317.98424,1573783323.25449,2.38211107254028,2.88814187049866,5.27025294303894
943,8,89,1573783318.10169,1573783324.28919,2.52592658996582,3.66157555580139,6.18750214576721
944,6,97,1573783318.50405,1573783324.59144,2.3708872795105,3.71649956703186,6.08738684654236
945,3,94,1573783318.95911,1573783324.78052,2.14599752426147,3.67541408538818,5.82141160964966
946,6,98,1573783318.8227,1573783324.82317,2.36312818527222,3.63733696937561,6.00046515464783
947,0,94,1573783319.20574,1573783325.53979,2.61316442489624,3.72087717056274,6.33404159545898
948,4,97,1573783320.91497,1573783325.63209,2.36403441429138,2.35308766365051,4.71712207794189
949,4,97,1573783320.91497,1573783325.63209,2.36403441429138,2.35308766365051,4.71712207794189
950,4,96,1573783319.30185,1573783325.7219,2.77403616905212,3.6460177898407,6.42005395889282
951,1,83,1573783321.93748,1573783326.84263,2.54080271720886,2.36435270309448,4.90515542030335
952,5,95,1573783322.27691,1573783327.04385,2.44127225875854,2.32565927505493,4.76693153381348
953,6,99,1573783322.39704,1573783327.37356,2.57891225814819,2.39761424064636,4.97652649879456
954,1,84,1573783323.12898,1573783327.45999,2.62390780448914,1.70710635185242,4.33101415634155
955,1,85,1573783323.5529,1573783328.04329,2.49173545837402,1.99865317344666,4.49038863182068
956,5,96,1573783325.05478,1573783328.06666,2.41394209861755,0.597936630249023,3.01187872886658
957,0,96,1573783324.78134,1573783328.07552,2.43336129188538,0.86082124710083,3.29418253898621
958,0,96,1573783324.78134,1573783328.07552,2.43336129188538,0.86082124710083,3.29418253898621
959,1,86,1573783325.24778,1573783328.25685,2.52232909202576,0.486740350723267,3.00906944274902
960,0,97,1573783325.80029,1573783329.22597,2.36710500717163,1.05856871604919,3.42567372322083
961,0,98,1573783326.5943,1573783329.34872,2.28994226455688,0.464482545852661,2.75442481040955
962,1,87,1573783326.76865,1573783329.57716,2.19138431549072,0.617128372192383,2.80851268768311
963,9,94,1573783327.1554,1573783329.68214,2.21061491966248,0.31612229347229,2.52673721313477
964,4,98,1573783327.6622,1573783330.23585,2.1794707775116,0.394183874130249,2.57365465164185
965,7,94,1573783328.26148,1573783330.45095,2.18553495407104,0.00393939018249512,2.18947434425354
966,3,95,1573783328.25931,1573783330.47345,2.21020102500916,0.00393533706665039,2.21413636207581
967,9,95,1573783328.52989,1573783330.78319,2.25064086914062,0.00266504287719727,2.25330591201782
968,7,95,1573783328.59799,1573783331.31441,2.07362103462219,0.642792701721191,2.71641373634338
969,8,90,1573783330.74466,1573783332.62008,1.87272906303406,0.00269246101379395,1.87542152404785
970,5,97,1573783331.40591,1573783333.38976,1.9813814163208,0.00246119499206543,1.98384261131287
971,4,99,1573783331.52154,1573783333.49101,1.96712589263916,0.00234031677246094,1.96946620941162
972,3,96,1573783332.39433,1573783334.4392,2.04201006889343,0.00286698341369629,2.04487705230713
973,9,96,1573783332.67849,1573783334.77163,2.08974838256836,0.0033869743347168,2.09313535690308
974,3,97,1573783332.75583,1573783334.95242,2.19360780715942,0.00298547744750977,2.19659328460693
975,9,97,1573783332.95657,1573783335.03765,2.07817625999451,0.00290274620056152,2.08107900619507
976,1,88,1573783333.10922,1573783335.2408,2.1286997795105,0.00287723541259766,2.1315770149231
977,0,99,1573783333.26658,1573783335.38863,2.11936569213867,0.00267648696899414,2.12204217910767
978,9,98,1573783333.31179,1573783335.43295,2.02897572517395,0.0921845436096191,2.12116026878357
979,1,89,1573783333.36989,1573783335.59793,2.09448504447937,0.133549451828003,2.22803449630737
980,8,91,1573783333.58533,1573783336.39401,1.94207358360291,0.866602659225464,2.80867624282837
981,9,99,1573783333.78009,1573783336.73876,1.95568609237671,1.00298118591309,2.95866727828979
982,1,90,1573783335.45223,1573783337.32372,1.86888766288757,0.00260376930236816,1.87149143218994
983,3,98,1573783335.88347,1573783337.78818,1.90180993080139,0.00290036201477051,1.90471029281616
984,3,99,1573783336.23865,1573783338.15819,1.91641998291016,0.00312042236328125,1.91954040527344
985,5,98,1573783336.40761,1573783338.26617,1.85571622848511,0.00284290313720703,1.85855913162231
986,8,92,1573783339.25402,1573783341.07405,1.81753945350647,0.00248837471008301,1.82002782821655
987,5,99,1573783340.16353,1573783341.94589,1.78001689910889,0.00234413146972656,1.78236103057861
988,1,91,1573783344.77589,1573783346.57427,1.79598879814148,0.00239300727844238,1.79838180541992
989,8,93,1573783346.06675,1573783347.87631,1.80695676803589,0.00259828567504883,1.80955505371094
990,8,94,1573783347.78057,1573783349.65123,1.86794757843018,0.00271177291870117,1.87065935134888
991,8,95,1573783347.85345,1573783349.71532,1.85924410820007,0.00261759757995605,1.86186170578003
992,1,92,1573783348.86552,1573783350.75051,1.88236021995544,0.00263214111328125,1.88499236106873
993,1,93,1573783349.73876,1573783351.58474,1.8434522151947,0.00252485275268555,1.84597706794739
994,8,96,1573783350.21252,1573783352.06862,1.85318684577942,0.00291943550109863,1.85610628128052
995,7,96,1573783351.8945,1573783353.69293,1.7957968711853,0.00263237953186035,1.79842925071716
996,1,94,1573783351.96764,1573783353.77886,1.80844402313232,0.0027775764465332,1.81122159957886
997,7,97,1573783354.10436,1573783355.95642,1.84977245330811,0.0022885799407959,1.8520610332489
998,8,97,1573783354.19397,1573783356.09378,1.89740109443665,0.00240755081176758,1.89980864524841
999,8,98,1573783354.6533,1573783356.51507,1.85918426513672,0.00258517265319824,1.86176943778992
1000,8,99,1573783355.32939,1573783357.20403,1.8719527721405,0.00268268585205078,1.87463545799255
1001,7,98,1573783355.48661,1573783357.3389,1.8495728969574,0.00271201133728027,1.85228490829468
1002,7,99,1573783360.47682,1573783362.29548,1.81613802909851,0.00251412391662598,1.81865215301514
1003,1,95,1573783363.35177,1573783365.17004,1.81540250778198,0.00286293029785156,1.81826543807983
1004,1,96,1573783364.40558,1573783366.25038,1.84246349334717,0.00233936309814453,1.84480285644531
1005,1,97,1573783365.27936,1573783367.10884,1.82684445381165,0.00263309478759766,1.82947754859924
1006,1,98,1573783367.58541,1573783369.38216,1.79420709609985,0.00254535675048828,1.79675245285034
1007,1,99,1573783370.08232,1573783371.8951,1.81019520759583,0.00258779525756836,1.81278300285339
